date,symbol,sector,dir,r1_pct,entry,net_ret_pct,stopped
2025-07-23,BIOCON,PHARMA,LONG,1.36,392.3500061035156,1.021,False
2025-07-23,MARUTI,AUTO,LONG,1.35,12661.0,-0.376,False
2025-07-23,BAJAJ-AUTO,AUTO,LONG,1.04,8375.5,0.157,False
2025-07-23,LODHA,REALTY,SHORT,-5.91,1358.5999755859375,1.681,False
2025-07-23,OBEROIRLTY,REALTY,SHORT,-3.46,1760.9000244140625,-0.276,False
2025-07-23,COLPAL,FMCG,SHORT,-2.79,2313.0,1.106,False
2025-07-24,MOTHERSON,AUTO,LONG,3.16,101.94999694824219,0.969,False
2025-07-24,DRREDDY,PHARMA,LONG,2.32,1276.9000244140625,-1.087,False
2025-07-24,APOLLOHOSP,PHARMA,LONG,1.1,7470.0,-1.419,False
2025-07-24,PERSISTENT,IT,SHORT,-8.51,5105.0,-2.1,True
2025-07-24,COFORGE,IT,SHORT,-7.99,1698.5999755859375,1.283,False
2025-07-24,LODHA,REALTY,SHORT,-1.76,1308.0999755859375,-1.537,False
2025-07-25,APLAPOLLO,METAL,SHORT,-4.63,1608.4000244140625,3.836,False
2025-07-25,BAJAJFINSV,FIN,SHORT,-4.37,1943.5,-2.1,True
2025-07-25,BAJFINANCE,FIN,SHORT,-4.04,918.2000122070312,0.412,False
2025-07-28,IDEA,TELECOM,LONG,3.19,7.440000057220459,-2.1,True
2025-07-28,MARICO,FMCG,LONG,1.77,706.2999877929688,-1.367,False
2025-07-28,GRASIM,CEMENT,LONG,1.76,2748.5,-0.748,False
2025-07-28,SAIL,METAL,SHORT,-3.69,125.8499984741211,0.075,False
2025-07-28,LODHA,REALTY,SHORT,-3.68,1229.0,-2.1,True
2025-07-28,APLAPOLLO,METAL,SHORT,-3.39,1497.5,-0.567,False
2025-07-29,LODHA,REALTY,LONG,3.39,1244.0,0.021,False
2025-07-29,OBEROIRLTY,REALTY,LONG,2.43,1666.800048828125,-0.238,False
2025-07-29,DLF,REALTY,LONG,1.92,800.0999755859375,-0.031,False
2025-07-29,BEL,INFRA,SHORT,-1.87,383.70001220703125,-1.182,False
2025-07-29,SHREECEM,CEMENT,SHORT,-1.06,30370.0,-0.215,False
2025-07-29,TCS,IT,SHORT,-1.03,3054.10009765625,-0.09,False
2025-07-30,GODFRYPHLP,FMCG,LONG,4.89,3129.5,-0.137,False
2025-07-30,POWERINDIA,ENERGY,LONG,4.02,20595.0,1.09,False
2025-07-30,GRASIM,CEMENT,LONG,1.52,2786.89990234375,-1.044,False
2025-07-30,MOTHERSON,AUTO,SHORT,-1.98,100.5199966430664,1.333,False
2025-07-30,BOSCHLTD,AUTO,SHORT,-1.67,39250.0,-2.1,True
2025-07-30,IDEA,TELECOM,SHORT,-1.25,7.119999885559082,1.304,False
2025-07-31,HINDUNILVR,FMCG,LONG,3.6,2525.10009765625,-0.322,False
2025-07-31,GODREJCP,FMCG,LONG,1.52,1234.5999755859375,1.957,False
2025-07-31,IOC,OIL & GAS,SHORT,-2.98,144.60000610351562,-0.888,False
2025-07-31,BPCL,OIL & GAS,SHORT,-2.87,326.8999938964844,-0.926,False
2025-07-31,PREMIERENE,REALTY,SHORT,-2.06,1043.0999755859375,0.677,False
2025-08-01,AMBUJACEM,CEMENT,LONG,2.69,605.75,0.115,False
2025-08-01,HINDUNILVR,FMCG,LONG,2.64,2591.699951171875,-2.1,True
2025-08-01,DABUR,FMCG,LONG,2.01,539.8499755859375,-1.258,False
2025-08-01,SUNPHARMA,PHARMA,SHORT,-3.98,1638.699951171875,0.431,False
2025-08-01,AUROPHARMA,PHARMA,SHORT,-3.21,1103.199951171875,1.976,False
2025-08-01,CIPLA,PHARMA,SHORT,-2.4,1517.300048828125,1.357,False
2025-08-04,UPL,CHEMICALS,LONG,6.97,711.5,-0.037,False
2025-08-04,SAIL,METAL,LONG,3.22,123.98999786376953,1.069,False
2025-08-04,JINDALSTEL,METAL,LONG,3.14,975.2000122070312,0.51,False
2025-08-04,LALPATHLAB,PHARMA,SHORT,-1.43,1562.4000244140625,0.71,False
2025-08-04,ALKEM,PHARMA,SHORT,-1.3,4835.5,-1.455,False
2025-08-04,GODREJCP,FMCG,SHORT,-1.27,1241.5999755859375,-0.76,False
2025-08-05,APLAPOLLO,METAL,LONG,2.12,1619.5,-1.15,False
2025-08-05,POWERINDIA,ENERGY,LONG,1.13,21400.0,-0.38,False
2025-08-05,DLF,REALTY,SHORT,-2.67,774.5999755859375,-1.088,False
2025-08-05,BPCL,OIL & GAS,SHORT,-2.03,311.3999938964844,-1.256,False
2025-08-05,IOC,OIL & GAS,SHORT,-1.81,139.80999755859375,-1.202,False
2025-08-06,GODFRYPHLP,FMCG,LONG,5.25,3466.666748046875,4.208,False
2025-08-06,ACC,CEMENT,LONG,1.32,1829.0,-0.045,False
2025-08-06,PGEL,ENERGY,SHORT,-3.56,759.9500122070312,1.038,False
2025-08-06,POWERINDIA,ENERGY,SHORT,-3.33,20625.0,0.894,False
2025-08-06,COFORGE,IT,SHORT,-2.29,1667.5999755859375,1.657,False
2025-08-07,BAJAJHLDNG,FIN,LONG,4.14,14171.0,-2.1,True
2025-08-07,COFORGE,IT,LONG,2.37,1673.800048828125,1.734,False
2025-08-07,PERSISTENT,IT,LONG,1.68,5124.5,0.885,False
2025-08-07,BHEL,INFRA,SHORT,-5.85,225.00999450683594,-1.224,False
2025-08-07,CONCOR,INFRA,SHORT,-2.82,537.5,-2.1,True
2025-08-07,IDEA,TELECOM,SHORT,-1.62,6.699999809265137,-0.399,False
2025-08-08,BPCL,OIL & GAS,LONG,2.16,316.79998779296875,0.626,False
2025-08-08,KALYANKJIL,CONSUMER DUR,SHORT,-9.11,543.5999755859375,-2.1,True
2025-08-08,COFORGE,IT,SHORT,-3.91,1637.4000244140625,1.885,False
2025-08-08,BHARTIARTL,TELECOM,SHORT,-2.87,1867.5,0.468,False
2025-08-11,INDIANB,BANK,LONG,2.74,665.4000244140625,1.147,False
2025-08-11,GRASIM,CEMENT,LONG,2.36,2755.60009765625,-0.165,False
2025-08-11,SBIN,BANK,LONG,2.09,819.3499755859375,0.547,False
2025-08-11,VOLTAS,CONSUMER DUR,SHORT,-4.48,1246.5,-0.148,False
2025-08-11,PIIND,CHEMICALS,SHORT,-2.55,3819.0,-2.1,True
2025-08-11,KALYANKJIL,CONSUMER DUR,SHORT,-1.42,522.5,-2.1,True
2025-08-12,POWERINDIA,ENERGY,LONG,3.57,21585.0,-2.1,True
2025-08-12,MARUTI,AUTO,LONG,2.23,12878.0,-0.543,False
2025-08-12,PERSISTENT,IT,LONG,1.94,5271.5,-0.878,False
2025-08-12,MUTHOOTFIN,FIN,SHORT,-1.55,2549.60009765625,0.261,False
2025-08-12,GODREJPROP,REALTY,SHORT,-1.21,1966.800048828125,0.795,False
2025-08-12,ATUL,CHEMICALS,SHORT,-1.12,6505.0,0.746,False
2025-08-13,APOLLOHOSP,PHARMA,LONG,6.13,7680.0,1.469,False
2025-08-13,HINDALCO,METAL,LONG,4.67,697.0999755859375,0.395,False
2025-08-13,ALKEM,PHARMA,LONG,2.72,5305.5,1.483,False
2025-08-13,OIL,OIL & GAS,SHORT,-1.88,415.5,2.018,False
2025-08-13,GAIL,OIL & GAS,SHORT,-1.05,172.63999938964844,-0.436,False
2025-08-14,MUTHOOTFIN,FIN,LONG,10.77,2786.0,-1.116,False
2025-08-14,INFY,IT,LONG,1.62,1449.699951171875,-0.203,False
2025-08-14,ICICIPRULI,FIN,LONG,1.6,629.9000244140625,-0.537,False
2025-08-14,NMDC,METAL,SHORT,-4.83,69.12999725341797,-0.505,False
2025-08-14,IDEA,TELECOM,SHORT,-2.51,6.21999979019165,0.865,False
2025-08-14,TATASTEEL,METAL,SHORT,-2.11,157.1199951171875,1.256,False
2025-08-18,ASHOKLEY,AUTO,LONG,7.94,131.5800018310547,0.067,False
2025-08-18,HEROMOTOCO,AUTO,LONG,7.46,5059.0,-1.671,False
2025-08-18,MARUTI,AUTO,LONG,7.4,13860.0,1.329,False
2025-08-19,MOTHERSON,AUTO,LONG,3.56,97.44999694824219,1.798,False
2025-08-19,BAJAJ-AUTO,AUTO,LONG,2.33,8782.0,-0.157,False
2025-08-19,BHARTIARTL,TELECOM,LONG,1.9,1926.699951171875,-0.972,False
2025-08-19,KALYANKJIL,CONSUMER DUR,SHORT,-2.47,507.54998779296875,-0.07,False
2025-08-19,BAJAJHLDNG,FIN,SHORT,-1.59,14292.0,3.224,False
2025-08-19,BAJFINANCE,FIN,SHORT,-1.39,892.7999877929688,-1.108,False
2025-08-20,GODFRYPHLP,FMCG,LONG,8.07,3530.333251953125,3.847,False
2025-08-20,PGEL,ENERGY,LONG,4.28,567.0999755859375,-2.1,True
2025-08-20,POWERINDIA,ENERGY,LONG,2.73,20300.0,-1.578,False
2025-08-20,AUROPHARMA,PHARMA,SHORT,-3.51,1049.800048828125,0.252,False
2025-08-20,MUTHOOTFIN,FIN,SHORT,-2.06,2686.300048828125,-0.011,False
2025-08-20,BAJAJHLDNG,FIN,SHORT,-1.91,13527.0,-2.1,True
2025-08-21,SIEMENS,INFRA,LONG,2.01,3220.60009765625,-0.848,False
2025-08-21,RELIANCE,OIL & GAS,LONG,1.31,1429.800048828125,-0.485,False
2025-08-21,GODREJPROP,REALTY,LONG,1.17,2063.300048828125,-0.512,False
2025-08-21,NESTLEIND,FMCG,SHORT,-1.54,1173.5,-0.654,False
2025-08-21,TATACONSUM,FMCG,SHORT,-1.43,1089.5,-0.017,False
2025-08-21,IDEA,TELECOM,SHORT,-1.18,6.710000038146973,1.986,False
2025-08-22,DIVISLAB,PHARMA,LONG,2.29,6166.0,-0.287,False
2025-08-22,IDEA,TELECOM,LONG,1.52,6.670000076293945,6.047,False
2025-08-22,BEL,INFRA,LONG,1.38,379.3999938964844,-1.339,False
2025-08-22,JINDALSTEL,METAL,SHORT,-1.42,995.8499755859375,-0.16,False
2025-08-22,JSWSTEEL,METAL,SHORT,-1.38,1057.0,0.089,False
2025-08-22,GRASIM,CEMENT,SHORT,-1.23,2845.89990234375,1.035,False
2025-08-25,UPL,CHEMICALS,LONG,2.84,734.0,-1.537,False
2025-08-25,TCS,IT,LONG,2.46,3126.199951171875,0.309,False
2025-08-25,WIPRO,IT,LONG,2.42,254.75,-0.559,False
2025-08-25,GODFRYPHLP,FMCG,SHORT,-1.95,3457.833251953125,-2.1,True
2025-08-25,BAJAJHLDNG,FIN,SHORT,-1.68,13273.0,-0.19,False
2025-08-26,BRITANNIA,FMCG,LONG,2.61,5690.0,1.165,False
2025-08-26,NESTLEIND,FMCG,LONG,1.47,1169.9000244140625,-0.775,False
2025-08-26,EICHERMOT,AUTO,LONG,1.45,6077.5,1.266,False
2025-08-26,IDEA,TELECOM,SHORT,-10.27,6.639999866485596,-2.1,True
2025-08-26,ATUL,CHEMICALS,SHORT,-2.48,6345.0,1.232,False
2025-08-26,PIIND,CHEMICALS,SHORT,-1.78,3826.89990234375,0.995,False
2025-08-28,HEROMOTOCO,AUTO,LONG,1.54,5151.60009765625,-1.377,False
2025-08-28,UPL,CHEMICALS,LONG,1.26,730.75,-2.1,True
2025-08-28,HCLTECH,IT,SHORT,-2.67,1452.9000244140625,0.106,False
2025-08-28,IDEA,TELECOM,SHORT,-2.52,6.570000171661377,-0.557,False
2025-08-28,PGEL,ENERGY,SHORT,-2.38,548.5999755859375,1.376,False
2025-08-29,RBLBANK,BANK,LONG,4.09,261.1000061035156,-0.157,False
2025-08-29,YESBANK,BANK,LONG,2.25,19.1200008392334,-0.362,False
2025-08-29,KOTAKBANK,BANK,LONG,1.33,394.1000061035156,-0.765,False
2025-08-29,NYKAA,CONSUMER DUR,SHORT,-2.84,227.2100067138672,-1.486,False
2025-08-29,LODHA,REALTY,SHORT,-1.8,1186.4000244140625,-2.1,True
2025-08-29,MUTHOOTFIN,FIN,SHORT,-1.55,2607.60009765625,-2.1,True
2025-09-01,HINDZINC,METAL,LONG,4.34,438.0,-0.602,False
2025-09-01,CGPOWER,INFRA,LONG,3.69,720.0999755859375,-0.642,False
2025-09-01,VEDL,METAL,LONG,2.88,432.8500061035156,-0.47,False
2025-09-02,PGEL,ENERGY,LONG,3.24,574.4500122070312,-2.1,True
2025-09-02,POWERGRID,ENERGY,LONG,2.09,285.75,0.197,False
2025-09-02,GAIL,OIL & GAS,LONG,1.98,179.42999267578125,-0.167,False
2025-09-02,LALPATHLAB,PHARMA,SHORT,-1.44,1612.5,-0.339,False
2025-09-03,LALPATHLAB,PHARMA,LONG,3.97,1679.5,-0.689,False
2025-09-03,GLENMARK,PHARMA,LONG,2.39,1965.9000244140625,1.746,False
2025-09-03,YESBANK,BANK,LONG,2.35,20.030000686645508,1.597,False
2025-09-03,INFY,IT,SHORT,-1.0,1480.0,-0.046,False
2025-09-04,BRITANNIA,FMCG,LONG,4.76,6179.0,-2.1,True
2025-09-04,BAJFINANCE,FIN,LONG,4.5,936.5999755859375,-0.287,False
2025-09-04,COLPAL,FMCG,LONG,3.62,2468.199951171875,-0.351,False
2025-09-04,COFORGE,IT,SHORT,-1.69,1702.800048828125,0.552,False
2025-09-04,SAIL,METAL,SHORT,-1.47,127.6500015258789,0.143,False
2025-09-04,OIL,OIL & GAS,SHORT,-1.08,397.75,1.094,False
2025-09-05,GLENMARK,PHARMA,LONG,2.56,2046.9000244140625,0.149,False
2025-09-05,IDEA,TELECOM,LONG,2.27,6.760000228881836,6.409,False
2025-09-05,M&M,AUTO,LONG,1.93,3542.5,0.394,False
2025-09-05,PERSISTENT,IT,SHORT,-2.69,5151.0,0.405,False
2025-09-05,COFORGE,IT,SHORT,-2.08,1657.300048828125,-0.076,False
2025-09-05,TECHM,IT,SHORT,-1.75,1474.199951171875,-0.276,False
2025-09-08,ASHOKLEY,AUTO,LONG,4.18,136.49000549316406,0.354,False
2025-09-08,SAIL,METAL,LONG,2.86,133.10000610351562,-1.332,False
2025-09-08,MOTHERSON,AUTO,LONG,2.58,96.94000244140625,1.499,False
2025-09-09,INFY,IT,LONG,3.56,1487.0,1.09,False
2025-09-09,WIPRO,IT,LONG,2.22,248.19000244140625,0.319,False
2025-09-09,COFORGE,IT,LONG,1.82,1692.699951171875,0.124,False
2025-09-09,NYKAA,CONSUMER DUR,SHORT,-2.83,240.27000427246094,-0.608,False
2025-09-09,KALYANKJIL,CONSUMER DUR,SHORT,-1.35,500.25,-0.11,False
2025-09-09,BAJAJ-AUTO,AUTO,SHORT,-1.29,9333.0,-0.641,False
2025-09-10,PERSISTENT,IT,LONG,4.66,5369.5,0.915,False
2025-09-10,COFORGE,IT,LONG,3.43,1754.199951171875,0.727,False
2025-09-10,POWERINDIA,ENERGY,LONG,2.91,19394.0,1.189,False
2025-09-10,GODFRYPHLP,FMCG,SHORT,-1.19,3598.333251953125,0.243,False
2025-09-10,TVSMOTOR,AUTO,SHORT,-1.12,3526.5,0.833,False
2025-09-11,GAIL,OIL & GAS,LONG,2.76,178.6999969482422,0.068,False
2025-09-11,BHEL,INFRA,LONG,2.28,225.07000732421875,1.899,False
2025-09-11,ADANIPORTS,INFRA,LONG,2.02,1415.0,-1.634,False
2025-09-11,INFY,IT,SHORT,-1.51,1509.5999755859375,-0.126,False
2025-09-11,PERSISTENT,IT,SHORT,-1.49,5329.5,-1.207,False
2025-09-11,TECHM,IT,SHORT,-1.23,1507.699951171875,-1.002,False
2025-09-12,LUPIN,PHARMA,LONG,2.27,2036.0,0.362,False
2025-09-12,MOTHERSON,AUTO,LONG,2.23,103.0,1.531,False
2025-09-12,IDEA,TELECOM,LONG,2.02,7.590000152587891,0.822,False
2025-09-12,GODFRYPHLP,FMCG,SHORT,-1.83,3400.0,0.949,False
2025-09-12,GODREJCP,FMCG,SHORT,-1.78,1244.0,-0.446,False
2025-09-12,DABUR,FMCG,SHORT,-1.24,537.3499755859375,-0.379,False
2025-09-15,IDEA,TELECOM,LONG,5.85,8.140000343322754,-0.469,False
2025-09-15,CONCOR,INFRA,LONG,2.17,561.8499755859375,-1.328,False
2025-09-15,SIEMENS,INFRA,LONG,1.56,3249.89990234375,1.229,False
2025-09-15,LALPATHLAB,PHARMA,SHORT,-1.91,1639.949951171875,-0.56,False
2025-09-15,PERSISTENT,IT,SHORT,-1.24,5344.0,-0.53,False
2025-09-15,GLENMARK,PHARMA,SHORT,-1.21,2106.60009765625,0.204,False
2025-09-16,CHOLAFIN,FIN,LONG,2.78,1559.9000244140625,1.304,False
2025-09-16,MOTHERSON,AUTO,LONG,2.37,110.3499984741211,-0.526,False
2025-09-16,CONCOR,INFRA,LONG,1.62,566.7999877929688,-0.568,False
2025-09-16,IDEA,TELECOM,SHORT,-3.65,7.920000076293945,-0.605,False
2025-09-16,GLENMARK,PHARMA,SHORT,-1.11,2076.300048828125,0.064,False
2025-09-17,PERSISTENT,IT,LONG,4.72,5630.0,-2.1,True
2025-09-17,PIIND,CHEMICALS,LONG,1.68,3774.10009765625,-0.707,False
2025-09-17,GRASIM,CEMENT,LONG,1.11,2875.60009765625,-0.451,False
2025-09-17,GODFRYPHLP,FMCG,SHORT,-5.13,3628.0,1.526,False
2025-09-17,BRITANNIA,FMCG,SHORT,-2.26,6064.0,-0.603,False
2025-09-17,MARICO,FMCG,SHORT,-1.29,713.25,0.082,False
2025-09-18,BIOCON,PHARMA,LONG,2.26,362.3500061035156,1.556,False
2025-09-18,BANKBARODA,BANK,LONG,1.93,251.25,-1.035,False
2025-09-18,BANDHANBNK,BANK,LONG,1.88,167.49000549316406,-0.643,False
2025-09-18,POWERINDIA,ENERGY,SHORT,-2.18,19654.0,0.994,False
2025-09-18,HINDZINC,METAL,SHORT,-1.2,453.3500061035156,-0.31,False
2025-09-18,PIIND,CHEMICALS,SHORT,-1.19,3723.800048828125,0.539,False
2025-09-19,ADANIENT,INFRA,LONG,3.86,2497.39990234375,0.645,False
2025-09-19,BPCL,OIL & GAS,LONG,1.97,332.0,-0.823,False
2025-09-19,BANKBARODA,BANK,LONG,1.77,252.89999389648438,-0.44,False
2025-09-19,NESTLEIND,FMCG,SHORT,-1.17,1194.9000244140625,0.084,False
2025-09-22,HINDZINC,METAL,LONG,2.77,465.95001220703125,-1.527,False
2025-09-22,MUTHOOTFIN,FIN,LONG,2.13,3008.800048828125,1.15,False
2025-09-22,CHOLAFIN,FIN,LONG,2.01,1622.800048828125,0.393,False
2025-09-22,PERSISTENT,IT,SHORT,-4.18,5280.0,0.118,False
2025-09-22,TECHM,IT,SHORT,-3.72,1498.0999755859375,-0.467,False
2025-09-22,COFORGE,IT,SHORT,-3.46,1733.199951171875,0.673,False
2025-09-23,IDEA,TELECOM,LONG,2.63,8.59000015258789,1.181,False
2025-09-23,ASHOKLEY,AUTO,LONG,2.33,142.69000244140625,0.867,False
2025-09-23,MARUTI,AUTO,LONG,2.25,16172.0,-0.527,False
2025-09-23,GODFRYPHLP,FMCG,SHORT,-2.73,3354.0,0.288,False
2025-09-23,ASIANPAINT,CONSUMER DUR,SHORT,-1.95,2434.300048828125,-0.634,False
2025-09-23,NYKAA,CONSUMER DUR,SHORT,-1.69,238.3000030517578,0.265,False
2025-09-24,INDIANB,BANK,LONG,3.3,717.75,-1.479,False
2025-09-24,CANBK,BANK,LONG,1.95,124.19000244140625,-1.058,False
2025-09-24,BANKBARODA,BANK,LONG,1.58,257.25,-1.317,False
2025-09-24,COFORGE,IT,SHORT,-2.24,1631.4000244140625,0.237,False
2025-09-24,PERSISTENT,IT,SHORT,-2.11,5142.5,-0.849,False
2025-09-24,TECHM,IT,SHORT,-1.69,1447.9000244140625,-0.335,False
2025-09-25,OIL,OIL & GAS,LONG,3.22,420.1000061035156,-1.409,False
2025-09-25,VEDL,METAL,LONG,2.12,458.5,0.478,False
2025-09-25,IDEA,TELECOM,LONG,1.74,8.75,-0.786,False
2025-09-25,ASIANPAINT,CONSUMER DUR,SHORT,-1.71,2416.39990234375,0.496,False
2025-09-25,MUTHOOTFIN,FIN,SHORT,-1.2,3048.10009765625,-0.123,False
2025-09-25,PIDILITIND,CONSUMER DUR,SHORT,-1.01,1504.199951171875,0.498,False
2025-09-26,HEROMOTOCO,AUTO,LONG,1.23,5422.5,-1.898,False
2025-09-26,ASHOKLEY,AUTO,LONG,1.2,142.1300048828125,-0.262,False
2025-09-26,IDEA,TELECOM,SHORT,-3.11,8.40999984741211,-2.1,True
2025-09-26,ZYDUSLIFE,PHARMA,SHORT,-2.87,990.0,1.132,False
2025-09-26,BIOCON,PHARMA,SHORT,-2.75,345.20001220703125,1.638,False
2025-09-29,BPCL,OIL & GAS,LONG,3.35,335.20001220703125,0.75,False
2025-09-29,HINDZINC,METAL,LONG,2.77,461.54998779296875,0.918,False
2025-09-29,IOC,OIL & GAS,LONG,2.69,148.77999877929688,0.344,False
2025-09-29,GODFRYPHLP,FMCG,SHORT,-3.36,3165.0,-2.1,True
2025-09-29,TATACONSUM,FMCG,SHORT,-1.04,1108.300048828125,-1.426,False
2025-09-30,COFORGE,IT,LONG,3.14,1600.9000244140625,-0.712,False
2025-09-30,CANBK,BANK,LONG,2.85,124.05000305175781,-0.39,False
2025-09-30,HINDZINC,METAL,LONG,2.02,475.54998779296875,1.33,False
2025-09-30,GODFRYPHLP,FMCG,SHORT,-3.02,3406.0,-2.1,True
2025-09-30,POWERINDIA,ENERGY,SHORT,-2.94,18682.0,3.824,False
2025-10-01,LUPIN,PHARMA,LONG,3.64,1980.800048828125,0.021,False
2025-10-01,SUNPHARMA,PHARMA,LONG,2.29,1630.800048828125,0.09,False
2025-10-01,BPCL,OIL & GAS,LONG,2.17,346.29998779296875,-2.1,True
2025-10-01,BAJFINANCE,FIN,SHORT,-1.89,980.0,-0.743,False
2025-10-01,COFORGE,IT,SHORT,-1.7,1563.0,-2.1,True
2025-10-01,CHOLAFIN,FIN,SHORT,-1.42,1585.199951171875,-1.28,False
2025-10-03,TATASTEEL,METAL,LONG,3.25,173.0,0.004,False
2025-10-03,AXISBANK,BANK,LONG,1.91,1181.5999755859375,-0.472,False
2025-10-03,HINDALCO,METAL,LONG,1.87,780.3499755859375,-0.106,False
2025-10-03,CHOLAFIN,FIN,SHORT,-1.83,1576.0,0.179,False
2025-10-03,BAJAJFINSV,FIN,SHORT,-1.78,1974.199951171875,-1.437,False
2025-10-03,EICHERMOT,AUTO,SHORT,-1.77,6864.0,-1.164,False
2025-10-06,PERSISTENT,IT,LONG,2.5,5199.0,-0.185,False
2025-10-06,BAJFINANCE,FIN,LONG,2.37,1013.9500122070312,-0.721,False
2025-10-06,BANKBARODA,BANK,LONG,1.52,267.79998779296875,-0.455,False
2025-10-06,IDEA,TELECOM,SHORT,-4.41,8.460000038146973,-2.1,True
2025-10-06,PREMIERENE,REALTY,SHORT,-1.83,1020.0,-0.1,False
2025-10-06,POWERGRID,ENERGY,SHORT,-1.21,285.1499938964844,-0.679,False
2025-10-07,BHARTIARTL,TELECOM,LONG,1.6,1933.5999755859375,-0.39,False
2025-10-07,GAIL,OIL & GAS,LONG,1.36,179.1199951171875,0.118,False
2025-10-07,COALINDIA,ENERGY,LONG,1.14,386.5,-0.592,False
2025-10-07,GLENMARK,PHARMA,SHORT,-1.06,1950.4000244140625,-0.7,False
2025-10-08,TITAN,CONSUMER DUR,LONG,4.69,3571.0,-0.237,False
2025-10-08,INFY,IT,LONG,1.92,1486.5,0.458,False
2025-10-08,TCS,IT,LONG,1.85,3030.10009765625,-0.268,False
2025-10-08,IDEA,TELECOM,SHORT,-2.27,9.029999732971191,-2.1,True
2025-10-08,GODREJCP,FMCG,SHORT,-1.7,1133.199951171875,-0.003,False
2025-10-08,HINDUNILVR,FMCG,SHORT,-1.38,2495.199951171875,-0.232,False
2025-10-09,PGEL,ENERGY,LONG,6.62,548.9000244140625,0.957,False
2025-10-09,AUROPHARMA,PHARMA,LONG,4.44,1115.9000244140625,0.482,False
2025-10-09,LUPIN,PHARMA,LONG,4.06,1983.0,-1.27,False
2025-10-09,BAJAJHLDNG,FIN,SHORT,-1.49,11950.0,0.293,False
2025-10-09,GODFRYPHLP,FMCG,SHORT,-1.41,3346.0,0.617,False
2025-10-09,ICICIGI,FIN,SHORT,-1.29,1854.800048828125,-1.448,False
2025-10-10,YESBANK,BANK,LONG,6.77,23.969999313354492,-0.142,False
2025-10-10,SBIN,BANK,LONG,2.0,879.25,0.122,False
2025-10-10,PNB,BANK,LONG,1.99,116.55000305175781,0.749,False
2025-10-10,HINDZINC,METAL,SHORT,-3.55,494.29998779296875,-1.071,False
2025-10-10,SAIL,METAL,SHORT,-2.12,133.55999755859375,0.918,False
2025-10-10,NMDC,METAL,SHORT,-2.07,77.16999816894531,0.03,False
2025-10-13,BAJAJ-AUTO,AUTO,LONG,1.35,9067.0,-0.194,False
2025-10-13,SIEMENS,INFRA,SHORT,-2.27,3075.89990234375,-0.321,False
2025-10-13,PERSISTENT,IT,SHORT,-1.7,5262.2001953125,-1.326,False
2025-10-13,WIPRO,IT,SHORT,-1.54,245.14999389648438,-0.116,False
2025-10-14,HINDZINC,METAL,LONG,2.56,518.5,-2.1,True
2025-10-14,ONGC,OIL & GAS,LONG,1.77,248.3300018310547,-1.566,False
2025-10-14,CHOLAFIN,FIN,LONG,1.53,1672.4000244140625,-1.738,False
2025-10-14,LALPATHLAB,PHARMA,SHORT,-1.82,1577.25,-0.896,False
2025-10-14,BOSCHLTD,AUTO,SHORT,-1.56,37900.0,-0.364,False
2025-10-14,LUPIN,PHARMA,SHORT,-1.43,1944.199951171875,0.152,False
2025-10-15,ICICIGI,FIN,LONG,7.24,2000.0,0.865,False
2025-10-15,IDEA,TELECOM,LONG,3.59,8.649999618530273,1.172,False
2025-10-15,GODREJPROP,REALTY,LONG,3.52,2129.800048828125,0.238,False
2025-10-16,OBEROIRLTY,REALTY,LONG,4.38,1671.5999755859375,0.642,False
2025-10-16,ATUL,CHEMICALS,LONG,4.13,5988.5,-2.1,True
2025-10-16,MOTHERSON,AUTO,LONG,2.51,107.37999725341797,-0.174,False
2025-10-16,HDFCLIFE,FIN,SHORT,-2.86,741.5,-0.316,False
2025-10-16,CHOLAFIN,FIN,SHORT,-2.71,1659.5,-2.1,True
2025-10-16,SBILIFE,FIN,SHORT,-1.56,1813.300048828125,-1.319,False
2025-10-17,ASIANPAINT,CONSUMER DUR,LONG,4.34,2514.699951171875,-0.378,False
2025-10-17,KALYANKJIL,CONSUMER DUR,LONG,2.67,499.79998779296875,-2.1,True
2025-10-17,GODFRYPHLP,FMCG,LONG,2.41,3398.39990234375,0.297,False
2025-10-17,WIPRO,IT,SHORT,-4.16,243.0399932861328,0.846,False
2025-10-17,COFORGE,IT,SHORT,-1.89,1728.199951171875,-0.384,False
2025-10-17,INFY,IT,SHORT,-1.56,1447.0999755859375,0.322,False
2025-10-20,RBLBANK,BANK,LONG,7.68,323.29998779296875,1.462,False
2025-10-20,FEDERALBNK,BANK,LONG,7.1,227.4499969482422,-0.293,False
2025-10-20,AUBANK,BANK,LONG,6.23,841.7999877929688,2.573,False
2025-10-20,HINDZINC,METAL,SHORT,-2.92,484.45001220703125,-0.472,False
2025-10-20,SHREECEM,CEMENT,SHORT,-1.62,29210.0,1.15,False
2025-10-23,INFY,IT,LONG,4.11,1532.9000244140625,-0.485,False
2025-10-23,IDFCFIRSTB,BANK,LONG,3.54,79.48999786376953,-0.905,False
2025-10-23,HCLTECH,IT,LONG,3.18,1533.199951171875,-0.824,False
2025-10-24,HINDALCO,METAL,LONG,4.03,823.5999755859375,-0.088,False
2025-10-24,VEDL,METAL,LONG,3.29,499.29998779296875,-0.851,False
2025-10-24,HINDZINC,METAL,LONG,2.87,495.1000061035156,-1.746,False
2025-10-24,COLPAL,FMCG,SHORT,-3.85,2209.60009765625,-1.494,False
2025-10-24,HINDUNILVR,FMCG,SHORT,-3.57,2509.5,-0.375,False
2025-10-24,CIPLA,PHARMA,SHORT,-3.07,1597.4000244140625,0.808,False
2025-10-27,COFORGE,IT,LONG,4.48,1838.9000244140625,-0.53,False
2025-10-27,BPCL,OIL & GAS,LONG,2.84,339.8500061035156,0.783,False
2025-10-27,PREMIERENE,REALTY,LONG,2.48,1097.199951171875,0.11,False
2025-10-27,SRF,CHEMICALS,SHORT,-1.88,3024.199951171875,-0.047,False
2025-10-27,BRITANNIA,FMCG,SHORT,-1.42,5967.0,0.931,False
2025-10-28,JINDALSTEL,METAL,LONG,3.41,1065.0999755859375,0.886,False
2025-10-28,TATASTEEL,METAL,LONG,1.89,180.0,1.0,False
2025-10-28,HINDALCO,METAL,LONG,1.65,854.75,-0.773,False
2025-10-28,IDEA,TELECOM,SHORT,-2.21,9.75,2.772,False
2025-10-28,PREMIERENE,REALTY,SHORT,-1.89,1082.0999755859375,-1.006,False
2025-10-28,DLF,REALTY,SHORT,-1.39,768.7000122070312,-0.815,False
2025-10-29,SAIL,METAL,LONG,7.96,142.8699951171875,-1.724,False
2025-10-29,IOC,OIL & GAS,LONG,3.76,160.47000122070312,1.29,False
2025-10-29,NMDC,METAL,LONG,2.75,76.68000030517578,-0.165,False
2025-10-29,BOSCHLTD,AUTO,SHORT,-2.31,37650.0,0.657,False
2025-10-29,CHOLAFIN,FIN,SHORT,-1.94,1689.699951171875,-1.053,False
2025-10-29,BANDHANBNK,BANK,SHORT,-1.53,172.82000732421875,0.311,False
2025-10-30,POWERINDIA,ENERGY,LONG,2.71,17955.0,-0.156,False
2025-10-30,BHEL,INFRA,LONG,2.67,251.94000244140625,3.377,False
2025-10-30,LT,INFRA,LONG,2.34,4051.60009765625,-1.665,False
2025-10-30,IDEA,TELECOM,SHORT,-10.66,8.380000114440918,-2.1,True
2025-10-30,DRREDDY,PHARMA,SHORT,-4.54,1194.0999755859375,-0.72,False
2025-10-30,APLAPOLLO,METAL,SHORT,-1.91,1774.0999755859375,-0.63,False
2025-10-31,LODHA,REALTY,LONG,2.29,1202.800048828125,-0.632,False
2025-10-31,EICHERMOT,AUTO,LONG,2.16,7049.0,-0.646,False
2025-10-31,HEROMOTOCO,AUTO,LONG,2.1,5617.5,-1.355,False
2025-10-31,VEDL,METAL,SHORT,-1.76,498.04998779296875,0.924,False
2025-10-31,INDIGO,CONSUMER DUR,SHORT,-1.26,5653.0,0.44,False
2025-10-31,PIDILITIND,CONSUMER DUR,SHORT,-1.1,1470.5999755859375,1.777,False
2025-11-03,BANKBARODA,BANK,LONG,4.17,289.8999938964844,0.435,False
2025-11-03,CANBK,BANK,LONG,2.87,140.72000122070312,-0.846,False
2025-11-03,PIIND,CHEMICALS,LONG,2.85,3680.39990234375,-0.027,False
2025-11-03,MARUTI,AUTO,SHORT,-3.23,15664.0,-0.119,False
2025-11-03,TITAN,CONSUMER DUR,SHORT,-1.91,3675.300048828125,-2.1,True
2025-11-03,VOLTAS,CONSUMER DUR,SHORT,-1.2,1367.0,0.266,False
2025-11-04,KALYANKJIL,CONSUMER DUR,LONG,2.38,528.3499755859375,-1.255,False
2025-11-04,TITAN,CONSUMER DUR,LONG,2.24,3807.89990234375,0.181,False
2025-11-04,BHARTIARTL,TELECOM,LONG,2.07,2120.0,-0.246,False
2025-11-04,HEROMOTOCO,AUTO,SHORT,-3.1,5367.5,1.064,False
2025-11-04,POWERGRID,ENERGY,SHORT,-2.6,280.5,0.417,False
2025-11-04,COALINDIA,ENERGY,SHORT,-2.48,379.3500061035156,0.401,False
2025-11-06,ASIANPAINT,CONSUMER DUR,LONG,5.24,2617.10009765625,-0.662,False
2025-11-06,BRITANNIA,FMCG,LONG,2.77,6076.0,-1.227,False
2025-11-06,INDIGO,CONSUMER DUR,LONG,1.03,5695.0,-0.161,False
2025-11-06,HINDALCO,METAL,SHORT,-6.46,777.7000122070312,-1.431,False
2025-11-06,GRASIM,CEMENT,SHORT,-5.1,2735.0,1.293,False
2025-11-06,POWERGRID,ENERGY,SHORT,-2.64,271.3500061035156,0.342,False
2025-11-07,BHARTIARTL,TELECOM,SHORT,-3.98,2011.5,0.576,False
2025-11-07,GODREJPROP,REALTY,SHORT,-2.24,2144.5,0.101,False
2025-11-07,LODHA,REALTY,SHORT,-2.06,1201.9000244140625,-2.1,True
2025-11-10,NYKAA,CONSUMER DUR,LONG,4.4,256.70001220703125,1.419,False
2025-11-10,NMDC,METAL,LONG,2.93,76.31999969482422,-1.646,False
2025-11-10,INFY,IT,LONG,1.81,1503.5999755859375,0.459,False
2025-11-10,PREMIERENE,REALTY,SHORT,-2.31,1013.0,-0.475,False
2025-11-10,SRF,CHEMICALS,SHORT,-1.12,2864.39990234375,-1.43,False
2025-11-11,IDEA,TELECOM,LONG,4.72,9.989999771118164,2.403,False
2025-11-11,PERSISTENT,IT,LONG,2.36,6018.5,0.207,False
2025-11-11,BHARTIARTL,TELECOM,LONG,1.34,2049.0,-0.451,False
2025-11-11,BAJFINANCE,FIN,SHORT,-7.07,1007.5999755859375,0.228,False
2025-11-11,BAJAJFINSV,FIN,SHORT,-6.75,1978.699951171875,-0.428,False
2025-11-11,BAJAJHLDNG,FIN,SHORT,-2.71,12250.0,0.904,False
2025-11-12,ADANIENT,INFRA,LONG,6.02,2513.0,-1.214,False
2025-11-12,ADANIPORTS,INFRA,LONG,2.42,1509.4000244140625,-0.133,False
2025-11-12,TCS,IT,LONG,1.68,3100.5,0.984,False
2025-11-12,PGEL,ENERGY,SHORT,-2.15,521.5499877929688,-2.1,True
2025-11-12,BOSCHLTD,AUTO,SHORT,-1.09,36235.0,-2.1,True
2025-11-13,ASHOKLEY,AUTO,LONG,4.38,148.3800048828125,1.288,False
2025-11-13,HINDZINC,METAL,LONG,4.14,501.79998779296875,-1.326,False
2025-11-13,VEDL,METAL,LONG,2.48,533.5,-0.794,False
2025-11-13,PIIND,CHEMICALS,SHORT,-1.86,3522.199951171875,-1.602,False
2025-11-13,ONGC,OIL & GAS,SHORT,-1.81,249.60000610351562,-0.521,False
2025-11-13,OIL,OIL & GAS,SHORT,-1.49,434.45001220703125,-0.158,False
2025-11-14,MUTHOOTFIN,FIN,LONG,9.08,3708.800048828125,0.377,False
2025-11-14,IDEA,TELECOM,LONG,4.58,10.970000267028809,-0.647,False
2025-11-14,BAJAJHLDNG,FIN,LONG,1.85,12227.0,2.779,False
2025-11-14,PREMIERENE,REALTY,SHORT,-2.7,1032.5,3.241,False
2025-11-14,INFY,IT,SHORT,-2.31,1504.5,-0.04,False
2025-11-14,SRF,CHEMICALS,SHORT,-1.88,2857.199951171875,0.432,False
2025-11-17,HEROMOTOCO,AUTO,LONG,3.41,5722.5,1.228,False
2025-11-17,BPCL,OIL & GAS,LONG,2.37,379.95001220703125,-1.442,False
2025-11-17,CANBK,BANK,LONG,2.21,149.4199981689453,-0.307,False
2025-11-17,BAJAJHLDNG,FIN,SHORT,-1.62,12312.0,1.581,False
2025-11-17,IDEA,TELECOM,SHORT,-1.28,10.8100004196167,-1.395,False
2025-11-18,ATUL,CHEMICALS,LONG,3.34,6227.0,-1.385,False
2025-11-18,HINDZINC,METAL,SHORT,-3.08,469.0,-1.603,False
2025-11-18,SAIL,METAL,SHORT,-2.55,137.6300048828125,-1.11,False
2025-11-18,OBEROIRLTY,REALTY,SHORT,-2.36,1710.5999755859375,-0.153,False
2025-11-19,PERSISTENT,IT,LONG,3.55,6280.5,0.64,False
2025-11-19,MOTHERSON,AUTO,LONG,2.94,112.19999694824219,-0.189,False
2025-11-19,INFY,IT,LONG,2.77,1528.0,0.79,False
2025-11-19,PREMIERENE,REALTY,SHORT,-1.14,986.4000244140625,-1.225,False
2025-11-19,IDEA,TELECOM,SHORT,-1.12,10.619999885559082,-2.1,True
2025-11-20,POWERINDIA,ENERGY,LONG,2.78,22172.0,0.906,False
2025-11-20,HEROMOTOCO,AUTO,LONG,2.2,6006.0,-0.217,False
2025-11-20,PERSISTENT,IT,LONG,1.31,6399.0,-0.78,False
2025-11-20,BIOCON,PHARMA,SHORT,-3.84,394.3500061035156,-0.442,False
2025-11-20,IDEA,TELECOM,SHORT,-1.41,10.520000457763672,3.132,False
2025-11-20,LALPATHLAB,PHARMA,SHORT,-1.15,1585.5999755859375,1.379,False
2025-11-21,COFORGE,IT,SHORT,-2.7,1796.300048828125,-0.094,False
2025-11-21,LODHA,REALTY,SHORT,-2.09,1175.0,-0.211,False
2025-11-21,HINDALCO,METAL,SHORT,-1.96,784.1500244140625,0.812,False
2025-11-24,TECHM,IT,LONG,3.35,1510.5,-1.106,False
2025-11-24,IDEA,TELECOM,LONG,2.39,10.300000190734863,-2.1,True
2025-11-24,INFY,IT,LONG,1.79,1571.800048828125,-1.665,False
2025-11-25,GLENMARK,PHARMA,LONG,2.64,1884.699951171875,-0.132,False
2025-11-25,YESBANK,BANK,LONG,2.25,22.700000762939453,-0.188,False
2025-11-25,LUPIN,PHARMA,LONG,1.92,2037.9000244140625,0.263,False
2025-11-25,ACC,CEMENT,SHORT,-2.91,1873.9000244140625,0.135,False
2025-11-26,PGEL,ENERGY,LONG,4.34,594.4000244140625,1.263,False
2025-11-26,JSWSTEEL,METAL,LONG,3.12,1144.199951171875,0.818,False
2025-11-26,SAIL,METAL,LONG,2.85,136.47999572753906,0.508,False
2025-11-26,BHARTIARTL,TELECOM,SHORT,-2.09,2116.39990234375,-0.615,False
2025-11-27,ASHOKLEY,AUTO,LONG,5.02,156.42999267578125,3.045,False
2025-11-27,COFORGE,IT,LONG,2.26,1912.199951171875,-0.116,False
2025-11-27,SRF,CHEMICALS,LONG,1.57,2853.89990234375,-0.622,False
2025-11-27,PGEL,ENERGY,SHORT,-1.66,594.2000122070312,1.28,False
2025-11-27,IOC,OIL & GAS,SHORT,-1.07,163.82000732421875,-0.1,False
2025-11-27,BPCL,OIL & GAS,SHORT,-1.05,363.79998779296875,-0.361,False
2025-11-28,SRF,CHEMICALS,LONG,2.81,2919.800048828125,0.099,False
2025-11-28,ADANIENT,INFRA,LONG,2.17,2297.89990234375,-0.809,False
2025-11-28,COFORGE,IT,LONG,1.08,1930.9000244140625,-1.265,False
2025-11-28,GAIL,OIL & GAS,SHORT,-5.32,174.02999877929688,-1.226,False
2025-11-28,IOC,OIL & GAS,SHORT,-1.1,161.89999389648438,-0.02,False
2025-12-01,TVSMOTOR,AUTO,LONG,2.78,3629.5,0.9,False
2025-12-01,IDEA,TELECOM,LONG,2.61,10.229999542236328,-2.1,True
2025-12-01,HEROMOTOCO,AUTO,LONG,2.19,6310.0,-0.338,False
2025-12-01,GODREJCP,FMCG,SHORT,-1.09,1133.0999755859375,0.165,False
2025-12-01,SRF,CHEMICALS,SHORT,-1.01,2897.699951171875,-0.99,False
2025-12-02,UNIONBANK,BANK,LONG,2.36,157.69000244140625,-1.02,False
2025-12-02,IDEA,TELECOM,LONG,2.1,10.1899995803833,-0.787,False
2025-12-02,CANBK,BANK,LONG,1.87,153.24000549316406,-0.792,False
2025-12-02,BAJAJHLDNG,FIN,SHORT,-2.48,11039.0,-0.254,False
2025-12-02,ICICIGI,FIN,SHORT,-1.76,1956.4000244140625,-1.679,False
2025-12-02,INDIGO,CONSUMER DUR,SHORT,-1.64,5699.0,-0.118,False
2025-12-03,IDEA,TELECOM,LONG,1.97,10.369999885559082,1.539,False
2025-12-03,WIPRO,IT,LONG,1.72,254.89999389648438,-0.112,False
2025-12-03,INDIANB,BANK,SHORT,-4.12,824.0,1.223,False
2025-12-03,PNB,BANK,SHORT,-2.65,121.69000244140625,1.338,False
2025-12-03,POWERINDIA,ENERGY,SHORT,-2.29,22210.0,1.296,False
2025-12-04,TECHM,IT,LONG,2.14,1574.699951171875,-0.779,False
2025-12-04,TCS,IT,LONG,1.89,3240.0,-0.495,False
2025-12-04,HCLTECH,IT,LONG,1.68,1666.300048828125,-0.73,False
2025-12-04,BIOCON,PHARMA,SHORT,-3.7,394.8500061035156,1.483,False
2025-12-04,POWERINDIA,ENERGY,SHORT,-2.5,21240.0,5.197,False
2025-12-04,NYKAA,CONSUMER DUR,SHORT,-1.14,255.85000610351562,0.095,False
2025-12-05,OBEROIRLTY,REALTY,LONG,1.97,1695.800048828125,-2.1,True
2025-12-05,GODREJPROP,REALTY,LONG,1.74,2112.0,-2.1,True
2025-12-05,BAJAJFINSV,FIN,LONG,1.58,2081.60009765625,0.697,False
2025-12-05,INDIGO,CONSUMER DUR,SHORT,-2.05,5325.0,-2.1,True
2025-12-05,IDEA,TELECOM,SHORT,-1.78,10.5,-2.1,True
2025-12-05,VEDL,METAL,SHORT,-1.16,522.1500244140625,-0.627,False
2025-12-08,GODREJPROP,REALTY,SHORT,-2.97,2020.5,2.216,False
2025-12-08,PGEL,ENERGY,SHORT,-2.93,537.5499877929688,-2.1,True
2025-12-08,DLF,REALTY,SHORT,-2.44,702.2000122070312,2.043,False
2025-12-09,COFORGE,IT,SHORT,-3.87,1872.699951171875,-2.1,True
2025-12-09,ASIANPAINT,CONSUMER DUR,SHORT,-3.85,2811.300048828125,-2.1,True
2025-12-09,HEROMOTOCO,AUTO,SHORT,-2.12,6036.0,-2.1,True
2025-12-10,GODFRYPHLP,FMCG,LONG,4.12,2878.89990234375,-2.1,True
2025-12-10,HINDZINC,METAL,LONG,3.98,511.0,0.233,False
2025-12-10,PIIND,CHEMICALS,LONG,1.66,3405.60009765625,-1.756,False
2025-12-10,INDIGO,CONSUMER DUR,SHORT,-1.3,4922.0,2.196,False
2025-12-11,HINDZINC,METAL,LONG,3.35,529.7999877929688,-1.497,False
2025-12-11,IDEA,TELECOM,LONG,2.15,10.9399995803833,2.916,False
2025-12-11,MOTHERSON,AUTO,LONG,1.88,118.47000122070312,0.938,False
2025-12-11,GODFRYPHLP,FMCG,SHORT,-2.62,2725.60009765625,-2.1,True
2025-12-12,HINDZINC,METAL,LONG,3.12,539.0,4.167,False
2025-12-12,OBEROIRLTY,REALTY,LONG,2.02,1665.800048828125,-0.418,False
2025-12-12,HINDALCO,METAL,LONG,2.02,841.0,1.315,False
2025-12-12,HINDUNILVR,FMCG,SHORT,-1.73,2265.60009765625,0.147,False
2025-12-15,INDIGO,CONSUMER DUR,LONG,1.67,4941.0,0.467,False
2025-12-15,BRITANNIA,FMCG,LONG,1.53,5995.5,0.592,False
2025-12-15,EICHERMOT,AUTO,SHORT,-1.43,7125.5,-0.051,False
2025-12-15,M&M,AUTO,SHORT,-1.25,3633.89990234375,0.621,False
2025-12-15,MOTHERSON,AUTO,SHORT,-1.24,119.80000305175781,-0.417,False
2025-12-16,GODREJCP,FMCG,LONG,1.89,1188.0999755859375,-0.639,False
2025-12-16,MARICO,FMCG,LONG,1.29,747.1500244140625,-1.191,False
2025-12-16,BRITANNIA,FMCG,LONG,1.19,6110.0,-0.836,False
2025-12-16,PGEL,ENERGY,SHORT,-2.25,552.5,-2.1,True
2025-12-16,JINDALSTEL,METAL,SHORT,-1.8,1015.4000244140625,0.166,False
2025-12-16,SAIL,METAL,SHORT,-1.62,130.25,0.222,False
2025-12-17,HINDZINC,METAL,LONG,3.06,583.8499755859375,-0.862,False
2025-12-17,CANBK,BANK,LONG,2.13,150.3000030517578,-0.1,False
2025-12-17,SBIN,BANK,LONG,1.72,976.5,-0.167,False
2025-12-17,PIIND,CHEMICALS,SHORT,-1.21,3220.0,0.173,False
2025-12-17,SBILIFE,FIN,SHORT,-1.15,2012.5999755859375,0.009,False
2025-12-18,INFY,IT,LONG,1.27,1622.300048828125,0.184,False
2025-12-18,WIPRO,IT,LONG,1.27,264.0299987792969,-0.104,False
2025-12-18,IOC,OIL & GAS,SHORT,-3.7,161.97999572753906,-0.02,False
2025-12-18,POWERINDIA,ENERGY,SHORT,-3.24,18530.0,1.735,False
2025-12-18,MOTHERSON,AUTO,SHORT,-2.38,116.58000183105469,-0.503,False
2025-12-19,ATUL,CHEMICALS,LONG,5.25,6104.0,-2.1,True
2025-12-19,IDEA,TELECOM,LONG,2.47,11.619999885559082,2.998,False
2025-12-19,DLF,REALTY,LONG,1.17,683.8499755859375,0.916,False
2025-12-19,HINDZINC,METAL,SHORT,-1.55,582.75,-1.07,False
2025-12-19,SAIL,METAL,SHORT,-1.52,125.33000183105469,-0.491,False
2025-12-19,HCLTECH,IT,SHORT,-1.44,1641.0999755859375,-0.149,False
2025-12-22,SAIL,METAL,LONG,2.78,129.24000549316406,0.751,False
2025-12-22,UPL,CHEMICALS,LONG,2.75,772.25,0.379,False
2025-12-22,HINDZINC,METAL,LONG,2.74,603.9500122070312,0.455,False
2025-12-22,IDEA,TELECOM,SHORT,-2.35,11.65999984741211,-2.1,True
2025-12-22,CHOLAFIN,FIN,SHORT,-1.1,1630.0,2.783,False
2025-12-23,CHOLAFIN,FIN,LONG,5.94,1683.4000244140625,-0.492,False
2025-12-23,COALINDIA,ENERGY,LONG,2.89,397.3999938964844,0.667,False
2025-12-23,NMDC,METAL,LONG,2.51,80.5,1.366,False
2025-12-23,COFORGE,IT,SHORT,-3.78,1798.0,0.901,False
2025-12-23,INFY,IT,SHORT,-1.6,1662.5999755859375,-0.377,False
2025-12-24,PREMIERENE,REALTY,LONG,2.62,902.0,-2.1,True
2025-12-24,BAJFINANCE,FIN,LONG,2.4,1036.300048828125,-2.1,True
2025-12-24,MUTHOOTFIN,FIN,LONG,1.83,3877.5,-1.856,False
2025-12-24,DRREDDY,PHARMA,SHORT,-1.89,1259.300048828125,-0.561,False
2025-12-24,COFORGE,IT,SHORT,-1.07,1759.0,1.088,False
2025-12-24,GLENMARK,PHARMA,SHORT,-1.06,2025.4000244140625,0.162,False
2025-12-26,BHEL,INFRA,LONG,2.08,284.0,-0.611,False
2025-12-26,PGEL,ENERGY,LONG,1.69,591.4500122070312,-1.715,False
2025-12-26,TITAN,CONSUMER DUR,LONG,1.13,3964.300048828125,0.672,False
2025-12-26,COFORGE,IT,SHORT,-1.32,1714.0,2.123,False
2025-12-26,SUNPHARMA,PHARMA,SHORT,-1.13,1717.300048828125,-0.263,False
2025-12-29,SAIL,METAL,LONG,3.63,137.10000610351562,-2.1,True
2025-12-29,TATASTEEL,METAL,LONG,2.22,172.75,-0.32,False
2025-12-29,HINDZINC,METAL,LONG,2.12,649.5,-2.1,True
2025-12-29,PREMIERENE,REALTY,SHORT,-1.87,859.5,0.075,False
2025-12-30,HEROMOTOCO,AUTO,LONG,1.85,5669.0,0.826,False
2025-12-30,NMDC,METAL,LONG,1.45,82.11000061035156,1.52,False
2025-12-30,M&M,AUTO,LONG,1.31,3639.199951171875,0.524,False
2025-12-30,INDIGO,CONSUMER DUR,SHORT,-1.33,5017.5,-0.2,False
2025-12-30,VOLTAS,CONSUMER DUR,SHORT,-1.14,1364.300048828125,0.772,False
2025-12-30,BAJAJFINSV,FIN,SHORT,-1.06,1988.5999755859375,-2.1,True
2025-12-31,JSWSTEEL,METAL,LONG,4.9,1166.0,-0.289,False
2025-12-31,JINDALSTEL,METAL,LONG,3.09,1052.9000244140625,0.109,False
2025-12-31,SAIL,METAL,LONG,2.65,144.75999450683594,1.337,False
2026-01-01,IDEA,TELECOM,LONG,5.81,11.289999961853027,3.266,False
2026-01-01,ASHOKLEY,AUTO,LONG,1.89,182.3800048828125,1.183,False
2026-01-01,VOLTAS,CONSUMER DUR,LONG,1.18,1377.300048828125,0.459,False
2026-01-01,GODFRYPHLP,FMCG,SHORT,-9.77,2494.0,7.747,False
2026-01-01,ITC,FMCG,SHORT,-5.82,379.20001220703125,4.119,False
2026-01-01,ALKEM,PHARMA,SHORT,-1.9,5402.0,-1.285,False
2026-01-02,BOSCHLTD,AUTO,LONG,2.97,37215.0,5.959,False
2026-01-02,PGEL,ENERGY,LONG,2.87,595.75,1.05,False
2026-01-02,HEROMOTOCO,AUTO,LONG,2.83,6003.0,-1.283,False
2026-01-02,ITC,FMCG,SHORT,-3.98,349.5,-0.229,False
2026-01-02,PIIND,CHEMICALS,SHORT,-1.42,3194.0,-2.1,True
2026-01-02,GODFRYPHLP,FMCG,SHORT,-1.18,2262.0,-2.1,True
2026-01-05,EICHERMOT,AUTO,LONG,1.63,7464.0,0.168,False
2026-01-05,DABUR,FMCG,LONG,1.51,530.5,-1.797,False
2026-01-05,MARUTI,AUTO,LONG,1.5,17215.0,-0.454,False
2026-01-05,PREMIERENE,REALTY,SHORT,-6.26,794.0,0.568,False
2026-01-05,INFY,IT,SHORT,-3.01,1591.0,-1.068,False
2026-01-05,HCLTECH,IT,SHORT,-2.46,1599.699951171875,-0.475,False
2026-01-06,CHOLAFIN,FIN,LONG,3.11,1827.5,-1.074,False
2026-01-06,ICICIBANK,BANK,LONG,2.79,1409.699951171875,-0.015,False
2026-01-06,UNIONBANK,BANK,LONG,2.55,166.77000427246094,-0.592,False
2026-01-06,RELIANCE,OIL & GAS,SHORT,-3.23,1526.199951171875,1.184,False
2026-01-06,BPCL,OIL & GAS,SHORT,-2.61,368.1000061035156,-0.996,False
2026-01-06,PREMIERENE,REALTY,SHORT,-1.88,772.2000122070312,0.968,False
2026-01-07,KALYANKJIL,CONSUMER DUR,LONG,5.22,525.5499877929688,-2.1,True
2026-01-07,TITAN,CONSUMER DUR,LONG,4.33,4290.0,-0.356,False
2026-01-07,LUPIN,PHARMA,LONG,3.07,2215.699951171875,-0.082,False
2026-01-07,SHREECEM,CEMENT,SHORT,-1.21,27335.0,-0.063,False
2026-01-07,BHARTIARTL,TELECOM,SHORT,-1.04,2083.300048828125,-0.134,False
2026-01-08,CGPOWER,INFRA,LONG,3.22,657.5999755859375,-2.1,True
2026-01-08,OBEROIRLTY,REALTY,LONG,1.36,1732.0,-0.648,False
2026-01-08,ADANIPORTS,INFRA,LONG,1.34,1484.5,-1.346,False
2026-01-08,HINDZINC,METAL,SHORT,-4.35,601.2999877929688,1.596,False
2026-01-08,JINDALSTEL,METAL,SHORT,-3.75,1034.4000244140625,1.756,False
2026-01-08,NMDC,METAL,SHORT,-3.34,83.26000213623047,1.93,False
2026-01-09,OIL,OIL & GAS,LONG,3.98,423.6499938964844,-0.796,False
2026-01-09,IDEA,TELECOM,LONG,3.4,11.869999885559082,-2.1,True
2026-01-09,ONGC,OIL & GAS,LONG,1.99,235.7899932861328,-0.732,False
2026-01-09,POWERINDIA,ENERGY,SHORT,-3.45,17808.0,-0.701,False
2026-01-09,GODREJPROP,REALTY,SHORT,-3.33,2025.300048828125,1.455,False
2026-01-09,LODHA,REALTY,SHORT,-1.94,1064.9000244140625,0.031,False
2026-01-12,HINDZINC,METAL,LONG,1.84,620.0999755859375,1.271,False
2026-01-12,VEDL,METAL,LONG,1.78,621.7000122070312,0.865,False
2026-01-12,POWERINDIA,ENERGY,SHORT,-5.7,16861.0,-2.1,True
2026-01-12,BHEL,INFRA,SHORT,-4.83,261.0,-2.1,True
2026-01-12,DIVISLAB,PHARMA,SHORT,-3.16,6399.0,-1.53,False
2026-01-13,GODFRYPHLP,FMCG,LONG,3.58,2213.5,0.013,False
2026-01-13,OIL,OIL & GAS,LONG,2.12,434.5,3.145,False
2026-01-13,ONGC,OIL & GAS,LONG,1.84,240.0500030517578,1.387,False
2026-01-13,GLENMARK,PHARMA,SHORT,-2.76,1961.9000244140625,-2.1,True
2026-01-13,IDEA,TELECOM,SHORT,-1.6,11.09000015258789,2.515,False
2026-01-13,DRREDDY,PHARMA,SHORT,-1.6,1195.5999755859375,0.268,False
2026-01-14,HINDZINC,METAL,LONG,5.39,665.0,-2.1,True
2026-01-14,VEDL,METAL,LONG,5.18,670.0,0.825,False
2026-01-14,OIL,OIL & GAS,LONG,3.82,465.0,-1.53,False
2026-01-14,KALYANKJIL,CONSUMER DUR,SHORT,-2.94,478.79998779296875,-0.413,False
2026-01-14,LODHA,REALTY,SHORT,-1.98,1053.0999755859375,-0.698,False
2026-01-14,ASIANPAINT,CONSUMER DUR,SHORT,-1.6,2840.199951171875,0.932,False
2026-01-16,INFY,IT,LONG,4.14,1673.5,1.005,False
2026-01-16,FEDERALBNK,BANK,LONG,3.91,256.5,5.631,False
2026-01-16,PREMIERENE,REALTY,LONG,3.17,749.5,-1.448,False
2026-01-16,CIPLA,PHARMA,SHORT,-2.48,1397.9000244140625,-0.071,False
2026-01-16,IDEA,TELECOM,SHORT,-1.36,10.90999984741211,0.542,False
2026-01-16,SUNPHARMA,PHARMA,SHORT,-1.33,1678.0,0.442,False
2026-01-19,CGPOWER,INFRA,LONG,6.81,598.9500122070312,-6.319,True
2026-01-19,POWERINDIA,ENERGY,LONG,4.02,16903.0,-4.176,True
2026-01-19,INDIGO,CONSUMER DUR,LONG,3.47,4903.5,-3.434,True
2026-01-19,GODREJPROP,REALTY,SHORT,-2.49,1838.0,-2.875,True
2026-01-19,IDEA,TELECOM,SHORT,-1.2,10.65999984741211,0.369,False
2026-01-19,OBEROIRLTY,REALTY,SHORT,-1.17,1645.0,-0.757,False
2026-01-20,GODREJCP,FMCG,LONG,1.78,1251.4000244140625,-1.474,False
2026-01-20,SHREECEM,CEMENT,LONG,1.29,27865.0,-2.1,True
2026-01-20,OBEROIRLTY,REALTY,SHORT,-5.2,1568.800048828125,2.622,False
2026-01-20,BHEL,INFRA,SHORT,-3.95,252.6999969482422,0.968,False
2026-01-20,UPL,CHEMICALS,SHORT,-2.98,763.7000122070312,4.863,False
2026-01-21,HINDZINC,METAL,LONG,2.6,697.75,-2.1,True
2026-01-21,SAIL,METAL,LONG,1.18,147.39999389648438,-2.1,True
2026-01-21,KALYANKJIL,CONSUMER DUR,SHORT,-7.84,417.45001220703125,4.978,False
2026-01-21,SRF,CHEMICALS,SHORT,-4.52,2752.800048828125,2.65,False
2026-01-21,COFORGE,IT,SHORT,-3.93,1627.199951171875,-2.1,True
2026-01-22,DRREDDY,PHARMA,LONG,5.73,1222.199951171875,-0.591,False
2026-01-22,ASHOKLEY,AUTO,LONG,3.07,186.9199981689453,1.623,False
2026-01-22,MOTHERSON,AUTO,LONG,3.01,112.97000122070312,-2.1,True
2026-01-23,HINDZINC,METAL,LONG,5.64,701.8499755859375,-0.364,False
2026-01-23,VOLTAS,CONSUMER DUR,LONG,4.43,1351.300048828125,-2.1,True
2026-01-23,APLAPOLLO,METAL,LONG,2.97,2040.0999755859375,-2.1,True
2026-01-23,PREMIERENE,REALTY,SHORT,-5.08,709.0499877929688,3.722,False
2026-01-23,CGPOWER,INFRA,SHORT,-2.06,562.4000244140625,2.398,False
2026-01-23,SBILIFE,FIN,SHORT,-1.5,1991.5999755859375,-0.607,False
2026-01-27,ADANIENT,INFRA,LONG,5.32,1960.9000244140625,-0.187,False
2026-01-27,ADANIPORTS,INFRA,LONG,3.98,1367.199951171875,-2.1,True
2026-01-27,APLAPOLLO,METAL,LONG,3.75,2072.699951171875,-0.66,False
2026-01-27,GODREJCP,FMCG,SHORT,-5.01,1178.300048828125,0.265,False
2026-01-27,M&M,AUTO,SHORT,-3.25,3428.39990234375,0.816,False
2026-01-27,MARUTI,AUTO,SHORT,-1.89,15218.0,-0.343,False
2026-01-28,OIL,OIL & GAS,LONG,7.19,481.29998779296875,1.801,False
2026-01-28,ONGC,OIL & GAS,LONG,6.3,263.55999755859375,1.698,False
2026-01-28,CGPOWER,INFRA,LONG,4.22,558.0,4.165,False
2026-01-28,ASIANPAINT,CONSUMER DUR,SHORT,-5.75,2472.10009765625,-2.1,True
2026-01-28,TATACONSUM,FMCG,SHORT,-4.92,1129.0,-0.375,False
2026-01-28,EICHERMOT,AUTO,SHORT,-3.97,6880.0,-2.1,True
2026-01-29,OIL,OIL & GAS,LONG,4.49,514.0999755859375,0.046,False
2026-01-29,JINDALSTEL,METAL,LONG,3.21,1158.0,-0.1,False
2026-01-29,LODHA,REALTY,LONG,2.67,949.7000122070312,-2.1,True
2026-01-29,PIIND,CHEMICALS,SHORT,-3.78,3108.0,-1.461,False
2026-01-29,INDIGO,CONSUMER DUR,SHORT,-3.07,4611.0,-0.252,False
2026-01-29,ASIANPAINT,CONSUMER DUR,SHORT,-2.52,2448.800048828125,1.19,False
2026-01-30,IDEA,TELECOM,LONG,10.61,11.050000190734863,-2.1,True
2026-01-30,PGEL,ENERGY,LONG,5.99,561.4000244140625,-2.1,True
2026-01-30,BRITANNIA,FMCG,LONG,2.29,5854.0,-2.1,True
2026-01-30,HINDZINC,METAL,SHORT,-6.65,668.5999755859375,-2.1,True
2026-01-30,VEDL,METAL,SHORT,-6.6,717.25,-2.1,True
2026-01-30,HINDALCO,METAL,SHORT,-5.52,969.5499877929688,-2.1,True
2026-02-03,CGPOWER,INFRA,LONG,11.49,653.0,1.186,False
2026-02-03,PREMIERENE,REALTY,LONG,8.83,799.0,-0.976,False
2026-02-03,ADANIENT,INFRA,LONG,8.13,2182.0,0.849,False
2026-02-03,ONGC,OIL & GAS,SHORT,-6.27,251.25,-2.1,True
2026-02-03,OIL,OIL & GAS,SHORT,-6.04,479.20001220703125,-2.1,True
2026-02-03,GODFRYPHLP,FMCG,SHORT,-4.96,1934.5999755859375,-2.1,True
2026-02-04,OIL,OIL & GAS,LONG,4.94,510.0,-0.571,False
2026-02-04,ONGC,OIL & GAS,LONG,4.49,267.8999938964844,-0.399,False
2026-02-04,NMDC,METAL,LONG,4.0,84.69000244140625,1.329,False
2026-02-04,INFY,IT,SHORT,-6.36,1550.5999755859375,0.9,False
2026-02-04,COFORGE,IT,SHORT,-5.87,1607.9000244140625,-0.585,False
2026-02-04,PERSISTENT,IT,SHORT,-5.56,5921.5,-1.172,False
2026-02-05,MARICO,FMCG,LONG,1.62,741.8499755859375,0.756,False
2026-02-05,HINDUNILVR,FMCG,LONG,1.59,2408.800048828125,-2.1,True
2026-02-05,UNIONBANK,BANK,LONG,1.37,178.41000366210938,-0.307,False
2026-02-05,HINDZINC,METAL,SHORT,-5.68,603.0,-1.427,False
2026-02-05,VEDL,METAL,SHORT,-5.43,651.0,-0.707,False
2026-02-05,HINDALCO,METAL,SHORT,-3.4,932.1500244140625,-0.438,False
2026-02-06,COFORGE,IT,SHORT,-3.71,1542.0999755859375,-0.34,False
2026-02-06,OBEROIRLTY,REALTY,SHORT,-2.51,1505.9000244140625,-1.833,False
2026-02-06,PERSISTENT,IT,SHORT,-2.46,5828.0,-0.598,False
2026-02-09,KALYANKJIL,CONSUMER DUR,LONG,10.79,421.54998779296875,3.684,False
2026-02-09,GODREJPROP,REALTY,LONG,5.89,1800.0,-0.011,False
2026-02-09,IDEA,TELECOM,LONG,3.05,11.470000267028809,0.946,False
2026-02-09,GODFRYPHLP,FMCG,SHORT,-1.95,2145.60009765625,-2.1,True
2026-02-09,OIL,OIL & GAS,SHORT,-1.82,488.20001220703125,-0.469,False
2026-02-09,BRITANNIA,FMCG,SHORT,-1.43,5824.5,-0.469,False
2026-02-10,TATASTEEL,METAL,LONG,3.69,208.83999633789062,-0.493,False
2026-02-10,MOTHERSON,AUTO,LONG,2.19,127.12000274658203,1.442,False
2026-02-10,TECHM,IT,LONG,1.6,1645.300048828125,-0.161,False
2026-02-10,CHOLAFIN,FIN,SHORT,-2.1,1733.0999755859375,0.367,False
2026-02-10,BAJFINANCE,FIN,SHORT,-1.72,964.5999755859375,-0.193,False
2026-02-10,PIIND,CHEMICALS,SHORT,-1.18,3178.199951171875,-0.468,False
2026-02-11,EICHERMOT,AUTO,LONG,6.0,7748.5,0.281,False
2026-02-11,APOLLOHOSP,PHARMA,LONG,4.77,7563.5,-0.933,False
2026-02-11,MOTHERSON,AUTO,LONG,4.36,135.07000732421875,-2.1,True
2026-02-11,BHEL,INFRA,SHORT,-5.26,261.1499938964844,0.245,False
2026-02-11,PREMIERENE,REALTY,SHORT,-4.03,789.0,0.882,False
2026-02-11,PERSISTENT,IT,SHORT,-2.55,5723.0,-0.327,False
2026-02-12,BIOCON,PHARMA,LONG,2.43,385.54998779296875,-2.1,True
2026-02-12,ZYDUSLIFE,PHARMA,LONG,2.36,919.5,0.052,False
2026-02-12,HEROMOTOCO,AUTO,LONG,1.68,5778.0,-0.775,False
2026-02-12,COFORGE,IT,SHORT,-4.47,1449.699951171875,1.818,False
2026-02-12,INFY,IT,SHORT,-4.36,1406.9000244140625,1.343,False
2026-02-12,WIPRO,IT,SHORT,-4.08,220.42999267578125,0.526,False
2026-02-13,INFY,IT,SHORT,-6.08,1299.9000244140625,-2.1,True
2026-02-13,HINDALCO,METAL,SHORT,-5.88,907.7000122070312,-0.392,False
2026-02-13,COFORGE,IT,SHORT,-5.41,1343.199951171875,-2.1,True
2026-02-16,COALINDIA,ENERGY,LONG,2.57,419.6000061035156,0.52,False
2026-02-16,POWERGRID,ENERGY,LONG,2.49,294.5,1.903,False
2026-02-16,DLF,REALTY,LONG,2.0,639.2999877929688,0.541,False
2026-02-16,PIIND,CHEMICALS,SHORT,-2.99,3056.39990234375,-0.025,False
2026-02-16,INFY,IT,SHORT,-1.31,1351.199951171875,-1.247,False
2026-02-16,ATUL,CHEMICALS,SHORT,-1.12,6560.5,-0.001,False
2026-02-17,GODFRYPHLP,FMCG,LONG,4.49,2105.0,-2.1,True
2026-02-17,INFY,IT,LONG,2.57,1405.199951171875,-1.075,False
2026-02-17,ITC,FMCG,LONG,2.53,326.04998779296875,-0.315,False
2026-02-17,SAIL,METAL,SHORT,-2.78,155.14999389648438,-1.46,False
2026-02-17,HINDALCO,METAL,SHORT,-2.36,886.0,-0.54,False
2026-02-17,VEDL,METAL,SHORT,-2.07,665.25,-0.581,False
2026-02-18,GODFRYPHLP,FMCG,LONG,11.68,2302.89990234375,7.543,False
2026-02-18,SAIL,METAL,LONG,2.11,160.3699951171875,-1.266,False
2026-02-18,TATASTEEL,METAL,LONG,1.92,206.97000122070312,0.9,False
2026-02-18,OIL,OIL & GAS,SHORT,-3.48,448.3500061035156,-1.215,False
2026-02-18,ONGC,OIL & GAS,SHORT,-2.81,264.20001220703125,-0.232,False
2026-02-18,INFY,IT,SHORT,-2.74,1353.0999755859375,-1.63,False
2026-02-19,COFORGE,IT,LONG,1.82,1397.800048828125,-2.1,True
2026-02-19,INFY,IT,LONG,1.76,1396.199951171875,-2.1,True
2026-02-19,TCS,IT,LONG,1.73,2741.39990234375,-2.1,True
2026-02-19,POWERINDIA,ENERGY,SHORT,-2.04,23088.0,0.948,False
2026-02-19,INDIGO,CONSUMER DUR,SHORT,-1.77,4892.39990234375,1.523,False
2026-02-19,PREMIERENE,REALTY,SHORT,-1.23,751.7000122070312,-0.472,False
2026-02-20,ABB,INFRA,LONG,5.5,6034.0,-1.086,False
2026-02-20,BANDHANBNK,BANK,LONG,3.1,173.75,-1.556,False
2026-02-20,POWERINDIA,ENERGY,LONG,2.39,23314.0,2.135,False
2026-02-20,PERSISTENT,IT,SHORT,-1.76,5172.5,1.679,False
2026-02-20,TECHM,IT,SHORT,-1.16,1460.9000244140625,0.249,False
2026-02-23,ADANIPORTS,INFRA,LONG,2.57,1550.4000244140625,0.326,False
2026-02-23,SBILIFE,FIN,LONG,2.06,2124.0,-0.759,False
2026-02-23,CHOLAFIN,FIN,LONG,1.93,1701.800048828125,-0.799,False
2026-02-23,GODFRYPHLP,FMCG,SHORT,-6.45,2313.60009765625,4.287,False
2026-02-23,COFORGE,IT,SHORT,-2.41,1306.5,1.247,False
2026-02-23,WIPRO,IT,SHORT,-1.61,206.47999572753906,0.205,False
2026-02-24,BANDHANBNK,BANK,LONG,2.89,178.1999969482422,1.05,False
2026-02-24,PGEL,ENERGY,LONG,1.62,617.0,-2.1,True
2026-02-24,UNIONBANK,BANK,LONG,1.13,199.97999572753906,-0.03,False
2026-02-24,COFORGE,IT,SHORT,-5.43,1218.0999755859375,0.376,False
2026-02-24,PERSISTENT,IT,SHORT,-4.7,4736.5,1.41,False
2026-02-24,HCLTECH,IT,SHORT,-3.91,1370.4000244140625,2.14,False
2026-02-25,VEDL,METAL,LONG,4.33,728.1500244140625,-0.1,False
2026-02-25,SAIL,METAL,LONG,4.16,166.66000366210938,-0.856,False
2026-02-25,INFY,IT,LONG,3.07,1319.699951171875,-2.1,True
2026-02-25,PREMIERENE,REALTY,SHORT,-5.98,735.2000122070312,0.886,False
2026-02-25,GODFRYPHLP,FMCG,SHORT,-1.54,2116.800048828125,0.977,False
2026-02-26,IDEA,TELECOM,LONG,3.35,11.109999656677246,-2.1,True
2026-02-26,PERSISTENT,IT,LONG,3.19,4882.0,-2.1,True
2026-02-26,GLENMARK,PHARMA,LONG,2.69,2134.5,-0.775,False
2026-02-27,HCLTECH,IT,LONG,1.03,1387.699951171875,0.217,False
2026-02-27,MUTHOOTFIN,FIN,SHORT,-2.42,3346.89990234375,-0.521,False
2026-02-27,ICICIPRULI,FIN,SHORT,-2.33,659.2999877929688,0.62,False
2026-02-27,DABUR,FMCG,SHORT,-2.25,512.6500244140625,-2.1,True
2026-03-02,HINDZINC,METAL,LONG,2.75,621.0,-0.615,False
2026-03-02,HINDALCO,METAL,LONG,1.25,936.9500122070312,0.348,False
2026-03-02,SAIL,METAL,LONG,1.1,166.8300018310547,-2.1,True
2026-03-02,IOC,OIL & GAS,SHORT,-3.91,179.69000244140625,0.284,False
2026-03-02,INDIGO,CONSUMER DUR,SHORT,-3.86,4640.7998046875,2.509,False
2026-03-02,BPCL,OIL & GAS,SHORT,-3.31,371.95001220703125,-0.853,False
2026-03-04,INFY,IT,LONG,1.54,1308.199951171875,-0.169,False
2026-03-04,TATASTEEL,METAL,SHORT,-4.96,200.5399932861328,1.72,False
2026-03-04,SAIL,METAL,SHORT,-4.71,157.7899932861328,1.161,False
2026-03-04,ULTRACEMCO,CEMENT,SHORT,-4.17,11979.0,-0.91,False
2026-03-05,HINDALCO,METAL,LONG,5.22,969.9500122070312,-2.1,True
2026-03-05,VEDL,METAL,LONG,3.96,728.75,-2.1,True
2026-03-05,COALINDIA,ENERGY,LONG,3.65,450.0,-0.589,False
2026-03-05,SHREECEM,CEMENT,SHORT,-1.48,24980.0,-1.001,False
2026-03-05,HINDUNILVR,FMCG,SHORT,-1.29,2232.199951171875,-1.009,False
2026-03-05,HCLTECH,IT,SHORT,-1.25,1347.0,-0.456,False
2026-03-06,PERSISTENT,IT,LONG,2.55,4754.2998046875,0.569,False
2026-03-06,SIEMENS,INFRA,LONG,2.18,3285.0,-0.551,False
2026-03-06,SRF,CHEMICALS,LONG,2.15,2618.199951171875,0.183,False
2026-03-06,GODREJPROP,REALTY,SHORT,-1.97,1709.4000244140625,2.492,False
2026-03-06,LODHA,REALTY,SHORT,-1.74,903.9500122070312,1.554,False
2026-03-06,BAJAJFINSV,FIN,SHORT,-1.53,1882.5999755859375,0.649,False
2026-03-09,INDIGO,CONSUMER DUR,SHORT,-6.58,4115.0,-2.1,True
2026-03-09,SBIN,BANK,SHORT,-5.82,1073.5999755859375,-2.1,True
2026-03-09,UNIONBANK,BANK,SHORT,-5.73,177.8800048828125,-0.904,False
2026-03-10,ASHOKLEY,AUTO,LONG,3.47,193.2899932861328,0.009,False
2026-03-10,INDIGO,CONSUMER DUR,LONG,2.95,4361.7001953125,0.154,False
2026-03-10,ULTRACEMCO,CEMENT,LONG,2.34,11631.0,0.012,False
2026-03-10,INFY,IT,SHORT,-1.33,1298.300048828125,0.146,False
2026-03-10,COFORGE,IT,SHORT,-1.05,1155.5999755859375,1.233,False
2026-03-11,PREMIERENE,REALTY,LONG,2.2,765.5,3.153,False
2026-03-11,VOLTAS,CONSUMER DUR,LONG,2.0,1482.5999755859375,-0.889,False
2026-03-11,PGEL,ENERGY,LONG,1.41,559.75,-2.1,True
2026-03-11,COLPAL,FMCG,SHORT,-4.45,2112.0,2.802,False
2026-03-11,CHOLAFIN,FIN,SHORT,-1.57,1596.4000244140625,2.224,False
2026-03-11,BHARTIARTL,TELECOM,SHORT,-1.53,1827.0999755859375,0.978,False
2026-03-12,M&M,AUTO,SHORT,-3.98,3051.60009765625,0.431,False
2026-03-12,TVSMOTOR,AUTO,SHORT,-3.54,3465.800048828125,1.043,False
2026-03-12,APLAPOLLO,METAL,SHORT,-3.37,1947.0,-2.1,True
2026-03-13,HINDALCO,METAL,SHORT,-5.4,915.9000244140625,0.544,False
2026-03-13,HINDZINC,METAL,SHORT,-4.32,556.8499755859375,0.861,False
2026-03-13,VEDL,METAL,SHORT,-4.32,688.7999877929688,-0.035,False
2026-03-16,GRASIM,CEMENT,LONG,2.47,2632.10009765625,0.96,False
2026-03-16,AMBUJACEM,CEMENT,LONG,2.14,433.6499938964844,-1.057,False
2026-03-16,ULTRACEMCO,CEMENT,LONG,1.69,10919.0,1.668,False
2026-03-16,IOC,OIL & GAS,SHORT,-4.44,149.63999938964844,0.261,False
2026-03-16,BPCL,OIL & GAS,SHORT,-2.83,310.75,1.831,False
2026-03-16,ABB,INFRA,SHORT,-2.07,6260.0,0.555,False
2026-03-17,SAIL,METAL,LONG,4.58,150.58999633789062,1.826,False
2026-03-17,PREMIERENE,REALTY,LONG,3.47,819.0,-2.1,True
2026-03-17,OBEROIRLTY,REALTY,LONG,2.95,1460.0,-0.141,False
2026-03-17,COFORGE,IT,SHORT,-3.41,1042.0,-2.1,True
2026-03-17,PERSISTENT,IT,SHORT,-2.11,4540.7001953125,0.041,False
2026-03-17,WIPRO,IT,SHORT,-2.11,191.0,-0.357,False
2026-03-18,PERSISTENT,IT,LONG,4.61,4738.0,-0.822,False
2026-03-18,COFORGE,IT,LONG,4.43,1124.699951171875,0.709,False
2026-03-18,HCLTECH,IT,LONG,3.47,1366.5999755859375,-0.649,False
2026-03-18,HINDZINC,METAL,SHORT,-2.96,531.0999755859375,-1.493,False
2026-03-18,VEDL,METAL,SHORT,-2.46,681.7999877929688,0.098,False
2026-03-18,ICICIGI,FIN,SHORT,-1.26,1812.5999755859375,-1.17,False
2026-03-19,HDFCBANK,BANK,SHORT,-5.08,799.25,-2.1,True
2026-03-19,GODREJPROP,REALTY,SHORT,-3.86,1577.0,1.834,False
2026-03-19,DLF,REALTY,SHORT,-3.65,542.5499877929688,0.047,False
2026-03-20,BHEL,INFRA,LONG,4.07,263.25,-0.404,False
2026-03-20,TATASTEEL,METAL,LONG,3.93,197.99000549316406,-0.752,False
2026-03-20,POWERINDIA,ENERGY,LONG,3.45,25500.0,-2.1,True
2026-03-20,BAJFINANCE,FIN,SHORT,-1.64,823.0,-1.017,False
2026-03-23,BANDHANBNK,BANK,SHORT,-6.04,148.97000122070312,0.128,False
2026-03-23,NMDC,METAL,SHORT,-5.45,75.43000030517578,0.218,False
2026-03-23,SAIL,METAL,SHORT,-5.21,147.4199981689453,2.83,False
2026-03-24,INDIANB,BANK,LONG,3.22,861.9000244140625,1.014,False
2026-03-24,UNIONBANK,BANK,LONG,2.76,172.89999389648438,0.259,False
2026-03-24,LT,INFRA,LONG,2.33,3419.60009765625,2.778,False
2026-03-24,COALINDIA,ENERGY,SHORT,-2.97,442.95001220703125,0.103,False
2026-03-24,POWERGRID,ENERGY,SHORT,-2.68,294.0,-2.1,True
2026-03-25,KALYANKJIL,CONSUMER DUR,LONG,4.47,388.79998779296875,0.71,False
2026-03-25,VOLTAS,CONSUMER DUR,LONG,4.35,1356.800048828125,0.615,False
2026-03-25,AMBUJACEM,CEMENT,LONG,4.18,424.6000061035156,-0.63,False
2026-03-27,TCS,IT,LONG,1.18,2408.0,-0.935,False
2026-03-27,BANKBARODA,BANK,SHORT,-4.01,262.1000061035156,0.568,False
2026-03-27,UNIONBANK,BANK,SHORT,-3.96,173.17999267578125,-1.324,False
2026-03-27,ASHOKLEY,AUTO,SHORT,-3.88,164.3800048828125,0.77,False
2026-03-30,HINDALCO,METAL,LONG,4.7,907.4000244140625,-2.1,True
2026-03-30,VEDL,METAL,LONG,3.58,672.2999877929688,-2.1,True
2026-03-30,SAIL,METAL,LONG,3.12,151.27000427246094,-0.107,False
2026-03-30,AUBANK,BANK,SHORT,-3.76,849.5999755859375,0.671,False
2026-03-30,IDFCFIRSTB,BANK,SHORT,-3.61,59.61000061035156,1.074,False
2026-03-30,UNIONBANK,BANK,SHORT,-3.49,170.99000549316406,3.725,False
2026-04-01,BEL,INFRA,LONG,6.55,426.8999938964844,-2.1,True
2026-04-01,COFORGE,IT,LONG,6.07,1181.699951171875,-2.1,True
2026-04-01,ADANIENT,INFRA,LONG,4.91,1850.699951171875,-0.657,False
2026-04-02,BIOCON,PHARMA,SHORT,-5.99,343.79998779296875,-2.1,True
2026-04-02,SRF,CHEMICALS,SHORT,-5.6,2412.0,-0.556,False
2026-04-02,GLENMARK,PHARMA,SHORT,-5.27,1989.800048828125,-2.1,True
2026-04-06,KALYANKJIL,CONSUMER DUR,LONG,4.05,408.79998779296875,2.738,False
2026-04-06,NYKAA,CONSUMER DUR,LONG,3.42,254.22000122070312,-0.674,False
2026-04-06,GODREJPROP,REALTY,LONG,3.41,1559.800048828125,1.349,False
2026-04-06,BPCL,OIL & GAS,SHORT,-2.2,272.8500061035156,-2.1,True
2026-04-06,RELIANCE,OIL & GAS,SHORT,-2.15,1321.9000244140625,1.073,False
2026-04-06,IOC,OIL & GAS,SHORT,-2.09,131.39999389648438,-2.1,True
2026-04-07,VEDL,METAL,LONG,3.3,713.4000244140625,-0.149,False
2026-04-07,HINDALCO,METAL,LONG,3.08,955.7999877929688,-0.231,False
2026-04-07,WIPRO,IT,LONG,2.47,202.49000549316406,1.016,False
2026-04-07,HEROMOTOCO,AUTO,SHORT,-2.16,4994.5,-1.191,False
2026-04-07,VOLTAS,CONSUMER DUR,SHORT,-2.07,1227.9000244140625,0.38,False
2026-04-07,NYKAA,CONSUMER DUR,SHORT,-2.05,247.35000610351562,-0.464,False
2026-04-08,ASHOKLEY,AUTO,LONG,11.39,170.1999969482422,1.14,False
2026-04-08,MOTHERSON,AUTO,LONG,8.27,117.41000366210938,0.505,False
2026-04-08,LODHA,REALTY,LONG,7.52,771.6500244140625,0.84,False
2026-04-09,HINDALCO,METAL,LONG,3.59,986.0,-0.1,False
2026-04-09,NTPC,ENERGY,LONG,1.74,380.6499938964844,-0.757,False
2026-04-09,VEDL,METAL,LONG,1.72,735.5,0.213,False
2026-04-09,AMBUJACEM,CEMENT,SHORT,-3.07,434.1000061035156,-0.296,False
2026-04-09,COFORGE,IT,SHORT,-2.2,1242.0999755859375,-2.1,True
2026-04-09,INFY,IT,SHORT,-2.06,1318.300048828125,-1.336,False
2026-04-10,LODHA,REALTY,LONG,4.37,824.0,0.125,False
2026-04-10,ASHOKLEY,AUTO,LONG,3.13,175.7100067138672,1.124,False
2026-04-10,ICICIBANK,BANK,LONG,2.92,1321.0,0.021,False
2026-04-10,INFY,IT,SHORT,-3.1,1289.300048828125,-0.348,False
2026-04-10,TCS,IT,SHORT,-3.06,2510.60009765625,-0.713,False
2026-04-10,COFORGE,IT,SHORT,-2.91,1227.300048828125,0.039,False
2026-04-13,MARUTI,AUTO,SHORT,-3.86,13180.0,0.75,False
2026-04-13,UNIONBANK,BANK,SHORT,-3.62,182.25,-1.527,False
2026-04-13,EICHERMOT,AUTO,SHORT,-3.43,7142.5,1.139,False
2026-04-15,SIEMENS,INFRA,LONG,4.57,3504.0,1.926,False
2026-04-15,CGPOWER,INFRA,LONG,4.21,746.1500244140625,0.047,False
2026-04-15,LT,INFRA,LONG,3.19,4080.60009765625,-0.186,False
2026-04-16,CHOLAFIN,FIN,LONG,3.25,1597.300048828125,-2.1,True
2026-04-16,HINDZINC,METAL,LONG,2.82,595.9000244140625,-0.721,False
2026-04-16,HINDALCO,METAL,LONG,2.61,1037.800048828125,0.035,False
2026-04-16,BRITANNIA,FMCG,SHORT,-1.13,5590.5,-0.082,False
2026-04-16,HEROMOTOCO,AUTO,SHORT,-1.06,5225.0,1.23,False
2026-04-17,COLPAL,FMCG,LONG,6.35,2098.800048828125,0.205,False
2026-04-17,GODFRYPHLP,FMCG,LONG,4.84,2230.89990234375,-1.194,False
2026-04-17,HINDUNILVR,FMCG,LONG,3.0,2204.199951171875,1.579,False
2026-04-17,HDFCLIFE,FIN,SHORT,-3.24,611.0499877929688,-0.951,False
2026-04-17,WIPRO,IT,SHORT,-2.78,204.30999755859375,-0.1,False
2026-04-21,LODHA,REALTY,LONG,3.39,884.0,-2.1,True
2026-04-21,GODREJPROP,REALTY,LONG,2.95,1804.699951171875,-2.1,True
2026-04-21,IDEA,TELECOM,LONG,2.86,9.710000038146973,-2.1,True
2026-04-21,SBILIFE,FIN,SHORT,-4.04,1900.0,-2.1,True
2026-04-21,ICICIPRULI,FIN,SHORT,-2.53,542.2000122070312,-2.1,True
2026-04-22,GODFRYPHLP,FMCG,LONG,2.31,2163.199951171875,-0.049,False
2026-04-22,TATACONSUM,FMCG,LONG,1.81,1165.800048828125,1.041,False
2026-04-22,NTPC,ENERGY,LONG,1.81,403.25,0.334,False
2026-04-22,HCLTECH,IT,SHORT,-9.42,1305.5,1.662,False
2026-04-22,PERSISTENT,IT,SHORT,-4.5,5127.5,0.982,False
2026-04-22,COFORGE,IT,SHORT,-4.08,1240.0999755859375,0.36,False
2026-04-23,DRREDDY,PHARMA,LONG,7.37,1306.0,-2.1,True
2026-04-23,GLENMARK,PHARMA,LONG,5.23,2352.0,-2.1,True
2026-04-23,CIPLA,PHARMA,LONG,4.04,1289.0999755859375,1.133,False
2026-04-23,TVSMOTOR,AUTO,SHORT,-3.49,3530.300048828125,0.421,False
2026-04-23,ASHOKLEY,AUTO,SHORT,-3.25,172.9499969482422,1.392,False
2026-04-23,VOLTAS,CONSUMER DUR,SHORT,-3.12,1435.300048828125,-0.922,False
2026-04-24,ATUL,CHEMICALS,LONG,2.28,6880.5,-2.1,True
2026-04-24,PIIND,CHEMICALS,LONG,1.62,3119.199951171875,-1.379,False
2026-04-24,PREMIERENE,REALTY,LONG,1.39,1014.9000244140625,-1.006,False
2026-04-24,HCLTECH,IT,SHORT,-4.0,1225.5,1.646,False
2026-04-24,INFY,IT,SHORT,-3.44,1188.300048828125,2.82,False
2026-04-24,COFORGE,IT,SHORT,-3.14,1180.5,2.374,False
2026-04-27,SUNPHARMA,PHARMA,LONG,7.35,1737.5,-0.394,False
2026-04-27,HINDZINC,METAL,LONG,4.77,616.5499877929688,1.83,False
2026-04-27,ALKEM,PHARMA,LONG,3.7,5428.5,-1.601,False
2026-04-28,IDEA,TELECOM,LONG,3.82,10.050000190734863,-1.195,False
2026-04-28,SAIL,METAL,LONG,2.19,188.17999267578125,-2.1,True
2026-04-28,TATASTEEL,METAL,LONG,2.11,217.58999633789062,-1.277,False
2026-04-28,UNIONBANK,BANK,SHORT,-2.3,172.0500030517578,0.882,False
2026-04-28,CANBK,BANK,SHORT,-2.01,137.67999267578125,0.394,False
2026-04-28,BANKBARODA,BANK,SHORT,-1.49,270.0,0.711,False
2026-04-29,BANDHANBNK,BANK,LONG,10.54,197.75,0.315,False
2026-04-29,IDEA,TELECOM,LONG,5.22,10.479999542236328,-2.1,True
2026-04-29,RBLBANK,BANK,LONG,4.94,337.0,1.087,False
2026-04-29,JINDALSTEL,METAL,SHORT,-1.99,1239.800048828125,0.723,False
2026-04-29,PGEL,ENERGY,SHORT,-1.68,556.5,1.176,False
2026-04-29,SAIL,METAL,SHORT,-1.01,183.75,-1.88,False
2026-04-30,HINDZINC,METAL,SHORT,-4.85,585.6500244140625,-2.1,True
2026-04-30,TVSMOTOR,AUTO,SHORT,-3.68,3422.300048828125,-2.1,True
2026-04-30,M&M,AUTO,SHORT,-2.93,3060.0,-1.352,False
2026-05-04,CHOLAFIN,FIN,LONG,4.59,1634.699951171875,0.304,False
2026-05-04,BAJAJHLDNG,FIN,LONG,3.69,10646.0,-2.1,True
2026-05-04,ADANIPORTS,INFRA,LONG,3.11,1708.800048828125,1.896,False
2026-05-04,OIL,OIL & GAS,SHORT,-2.98,476.8500061035156,0.319,False
2026-05-04,COFORGE,IT,SHORT,-1.92,1172.0999755859375,1.649,False
2026-05-04,ONGC,OIL & GAS,SHORT,-1.84,293.5,0.104,False
2026-05-05,IDEA,TELECOM,LONG,4.17,11.0,-2.1,True
2026-05-05,VEDL,METAL,LONG,3.23,303.70001220703125,-2.1,True
2026-05-05,JINDALSTEL,METAL,LONG,1.34,1278.300048828125,-1.539,False
2026-05-05,GODREJPROP,REALTY,SHORT,-3.54,1832.5,1.095,False
2026-05-05,VOLTAS,CONSUMER DUR,SHORT,-3.27,1404.9000244140625,1.537,False
2026-05-05,OIL,OIL & GAS,SHORT,-1.55,469.20001220703125,-1.603,False
2026-05-06,COFORGE,IT,LONG,8.11,1263.5999755859375,1.301,False
2026-05-06,SRF,CHEMICALS,LONG,4.57,2638.0,2.936,False
2026-05-06,PERSISTENT,IT,LONG,2.77,4949.7998046875,1.215,False
2026-05-06,LT,INFRA,SHORT,-3.8,3920.0,-2.1,True
2026-05-06,POWERINDIA,ENERGY,SHORT,-2.31,33480.0,0.378,False
2026-05-06,ABB,INFRA,SHORT,-1.46,7233.0,0.633,False
2026-05-07,BOSCHLTD,AUTO,LONG,3.47,37915.0,-2.1,True
2026-05-07,HEROMOTOCO,AUTO,LONG,2.9,5320.0,-2.1,True
2026-05-07,SHREECEM,CEMENT,LONG,2.79,25760.0,-2.1,True
2026-05-07,GODREJCP,FMCG,SHORT,-4.48,1045.0999755859375,-2.1,True
2026-05-07,LODHA,REALTY,SHORT,-1.71,931.9500122070312,-2.1,True
2026-05-07,PREMIERENE,REALTY,SHORT,-1.53,1015.0999755859375,-0.524,False
2026-05-08,LALPATHLAB,PHARMA,LONG,4.42,1618.5,1.828,False
2026-05-08,COFORGE,IT,LONG,4.05,1337.0,2.323,False
2026-05-08,BIOCON,PHARMA,LONG,2.84,394.3999938964844,-2.1,True
2026-05-08,POWERINDIA,ENERGY,SHORT,-2.17,34095.0,0.179,False
2026-05-08,JINDALSTEL,METAL,SHORT,-1.46,1241.5999755859375,-0.72,False
2026-05-08,COALINDIA,ENERGY,SHORT,-1.44,458.79998779296875,0.652,False
2026-05-11,TATACONSUM,FMCG,LONG,4.56,1230.199951171875,3.282,False
2026-05-11,IDEA,TELECOM,LONG,4.54,11.739999771118164,3.733,False
2026-05-11,UPL,CHEMICALS,LONG,2.38,659.8499755859375,1.075,False
2026-05-11,KALYANKJIL,CONSUMER DUR,SHORT,-9.06,386.5,0.34,False
2026-05-11,ABB,INFRA,SHORT,-8.18,6439.0,0.731,False
2026-05-11,TITAN,CONSUMER DUR,SHORT,-7.64,4164.5,-2.1,True
2026-05-12,OIL,OIL & GAS,LONG,6.57,485.20001220703125,1.219,False
2026-05-12,ONGC,OIL & GAS,LONG,6.08,297.54998779296875,-1.192,False
2026-05-12,HINDZINC,METAL,LONG,2.86,648.3499755859375,-1.272,False
2026-05-12,PERSISTENT,IT,SHORT,-4.41,4875.2001953125,-0.055,False
2026-05-12,TCS,IT,SHORT,-3.84,2301.0,-0.013,False
2026-05-12,INFY,IT,SHORT,-3.53,1134.5,-0.558,False
2026-05-13,SAIL,METAL,LONG,5.91,186.1999969482422,7.902,False
2026-05-13,HINDZINC,METAL,LONG,4.49,671.5999755859375,-0.673,False
2026-05-13,VEDL,METAL,LONG,3.06,315.20001220703125,2.486,False
2026-05-13,EICHERMOT,AUTO,SHORT,-2.58,6942.0,-0.547,False
2026-05-13,POWERGRID,ENERGY,SHORT,-2.33,299.45001220703125,-0.835,False
2026-05-13,NTPC,ENERGY,SHORT,-1.6,387.25,-0.991,False
2026-05-14,CIPLA,PHARMA,LONG,6.57,1414.800048828125,1.434,False
2026-05-14,ZYDUSLIFE,PHARMA,LONG,4.71,983.5,0.764,False
2026-05-14,VEDL,METAL,LONG,1.93,330.0,2.43,False
2026-05-14,PERSISTENT,IT,SHORT,-4.02,4650.0,0.313,False
2026-05-14,TVSMOTOR,AUTO,SHORT,-3.42,3406.39990234375,-1.647,False
2026-05-14,DLF,REALTY,SHORT,-2.81,558.0,-2.1,True
2026-05-15,PERSISTENT,IT,LONG,3.37,4784.0,-2.1,True
2026-05-15,TECHM,IT,LONG,2.71,1377.5999755859375,-0.499,False
2026-05-15,INFY,IT,LONG,2.68,1123.800048828125,-0.483,False
2026-05-15,HINDZINC,METAL,SHORT,-3.21,647.4000244140625,1.12,False
2026-05-15,BPCL,OIL & GAS,SHORT,-2.97,287.3999938964844,1.013,False
2026-05-15,VEDL,METAL,SHORT,-2.51,330.5,-0.433,False
2026-05-18,COFORGE,IT,LONG,1.14,1290.300048828125,4.341,False
2026-05-18,PGEL,ENERGY,SHORT,-6.37,456.3999938964844,-2.1,True
2026-05-18,KALYANKJIL,CONSUMER DUR,SHORT,-4.02,339.04998779296875,-2.1,True
2026-05-18,POWERGRID,ENERGY,SHORT,-3.93,293.5,-1.156,False
2026-05-19,COFORGE,IT,LONG,4.8,1412.800048828125,-0.348,False
2026-05-19,INFY,IT,LONG,4.37,1192.4000244140625,0.386,False
2026-05-19,PERSISTENT,IT,LONG,3.66,5125.0,-1.199,False
2026-05-20,ZYDUSLIFE,PHARMA,LONG,5.67,1075.4000244140625,-2.1,True
2026-05-20,POWERINDIA,ENERGY,LONG,2.99,34050.0,3.953,False
2026-05-20,AUROPHARMA,PHARMA,LONG,1.19,1530.800048828125,-0.923,False
2026-05-20,PIIND,CHEMICALS,SHORT,-5.94,2939.0,1.002,False
2026-05-20,LODHA,REALTY,SHORT,-3.85,857.8499755859375,-2.1,True
2026-05-20,TATASTEEL,METAL,SHORT,-2.45,203.8699951171875,-1.665,False
2026-05-21,POWERINDIA,ENERGY,LONG,2.63,36640.0,-2.1,True
2026-05-21,BEL,INFRA,LONG,2.33,423.1499938964844,-0.915,False
2026-05-21,OBEROIRLTY,REALTY,LONG,2.15,1665.0,-0.827,False
2026-05-22,AXISBANK,BANK,LONG,2.06,1275.9000244140625,0.621,False
2026-05-22,ICICIPRULI,FIN,LONG,1.98,518.5499877929688,0.199,False
2026-05-22,HDFCBANK,BANK,LONG,1.97,773.75,-1.005,False
2026-05-22,AUROPHARMA,PHARMA,SHORT,-4.27,1482.9000244140625,1.411,False
2026-05-22,PREMIERENE,REALTY,SHORT,-1.75,997.2999877929688,0.542,False
2026-05-22,LALPATHLAB,PHARMA,SHORT,-1.54,1648.199951171875,0.755,False
2026-05-25,GAIL,OIL & GAS,LONG,5.86,170.19000244140625,-0.952,False
2026-05-25,EICHERMOT,AUTO,LONG,5.35,7359.0,0.675,False
2026-05-25,BPCL,OIL & GAS,LONG,3.89,307.25,0.339,False
2026-05-25,COLPAL,FMCG,SHORT,-3.1,2090.0,-0.401,False
2026-05-25,MARICO,FMCG,SHORT,-1.04,816.2999877929688,-0.933,False
2026-05-26,VEDL,METAL,LONG,3.92,346.1499938964844,-0.317,False
2026-05-26,SAIL,METAL,LONG,3.25,204.22999572753906,-0.663,False
2026-05-26,PREMIERENE,REALTY,LONG,2.39,1008.5,0.673,False
2026-05-26,CONCOR,INFRA,SHORT,-5.19,485.45001220703125,1.744,False
2026-05-27,CGPOWER,INFRA,LONG,4.1,916.9000244140625,1.787,False
2026-05-27,HINDALCO,METAL,LONG,3.56,1143.0999755859375,0.442,False
2026-05-27,LODHA,REALTY,LONG,3.02,931.0,-1.045,False
2026-05-27,ONGC,OIL & GAS,SHORT,-3.43,277.5,0.891,False
2026-05-27,ITC,FMCG,SHORT,-2.73,293.6499938964844,0.53,False
2026-05-29,LODHA,REALTY,LONG,4.02,957.7000122070312,-2.1,True
2026-05-29,INFY,IT,LONG,3.93,1207.5,-2.1,True
2026-05-29,COFORGE,IT,LONG,3.38,1438.0,-1.275,False
2026-05-29,SIEMENS,INFRA,SHORT,-2.7,3785.0,-2.1,True
2026-05-29,ATUL,CHEMICALS,SHORT,-1.44,6902.0,0.291,False
2026-05-29,BEL,INFRA,SHORT,-1.31,414.5,0.962,False
2026-06-01,PERSISTENT,IT,LONG,5.0,5454.0,-1.053,False
2026-06-01,INFY,IT,LONG,4.58,1209.5,-0.687,False
2026-06-01,COFORGE,IT,LONG,3.67,1469.0,-0.672,False
2026-06-01,SIEMENS,INFRA,SHORT,-3.88,3695.0,-2.1,True
2026-06-01,NESTLEIND,FMCG,SHORT,-2.61,1405.4000244140625,0.882,False
2026-06-01,COLPAL,FMCG,SHORT,-2.55,2007.4000244140625,0.901,False
2026-06-02,TCS,IT,LONG,4.88,2411.199951171875,1.223,False
2026-06-02,INFY,IT,LONG,4.76,1260.800048828125,0.78,False
2026-06-02,COFORGE,IT,LONG,3.95,1517.199951171875,0.131,False
2026-06-02,BAJFINANCE,FIN,SHORT,-2.86,862.9500122070312,-2.1,True
2026-06-02,NTPC,ENERGY,SHORT,-2.16,369.8500061035156,0.603,False
2026-06-02,BAJAJFINSV,FIN,SHORT,-2.15,1721.0999755859375,-1.343,False
2026-06-03,AUROPHARMA,PHARMA,LONG,1.41,1449.199951171875,-0.735,False
2026-06-03,LALPATHLAB,PHARMA,LONG,1.37,1586.4000244140625,-1.222,False
2026-06-03,APOLLOHOSP,PHARMA,LONG,1.35,8199.0,1.01,False
2026-06-03,TCS,IT,SHORT,-7.18,2276.89990234375,1.477,False
2026-06-03,PERSISTENT,IT,SHORT,-4.94,5200.0,1.765,False
2026-06-03,TECHM,IT,SHORT,-4.92,1492.800048828125,1.253,False
2026-06-04,VOLTAS,CONSUMER DUR,LONG,4.59,1292.0,-0.379,False
2026-06-04,PGEL,ENERGY,LONG,3.86,489.20001220703125,0.503,False
2026-06-04,POWERINDIA,ENERGY,LONG,3.72,36560.0,-0.428,False
2026-06-04,SAIL,METAL,SHORT,-2.27,198.92999267578125,0.724,False
2026-06-05,CHOLAFIN,FIN,LONG,2.8,1527.5999755859375,-2.1,True
2026-06-05,BAJFINANCE,FIN,LONG,2.8,901.5999755859375,-1.387,False
2026-06-05,ICICIPRULI,FIN,LONG,2.64,489.6000061035156,-1.295,False
2026-06-05,WIPRO,IT,SHORT,-3.55,196.75999450683594,-1.147,False
2026-06-05,HINDZINC,METAL,SHORT,-1.88,593.4000244140625,4.408,False
2026-06-05,HINDALCO,METAL,SHORT,-1.68,1106.300048828125,1.12,False
2026-06-08,GLENMARK,PHARMA,LONG,1.38,2196.0,-0.646,False
2026-06-08,APOLLOHOSP,PHARMA,LONG,1.25,8408.5,-0.802,False
2026-06-08,AUROPHARMA,PHARMA,LONG,1.07,1473.5999755859375,-1.573,False
2026-06-08,SAIL,METAL,SHORT,-3.31,184.25999450683594,0.106,False
2026-06-08,SRF,CHEMICALS,SHORT,-2.99,2624.0,-2.1,True
2026-06-08,DLF,REALTY,SHORT,-2.35,564.0999755859375,0.299,False
2026-06-09,IDFCFIRSTB,BANK,LONG,3.88,73.9800033569336,-0.33,False
2026-06-09,ICICIGI,FIN,LONG,2.66,1784.699951171875,-0.475,False
2026-06-09,FEDERALBNK,BANK,LONG,2.42,311.5,1.264,False
2026-06-09,OIL,OIL & GAS,SHORT,-1.98,471.5,-1.203,False
2026-06-09,INFY,IT,SHORT,-1.61,1167.9000244140625,-1.145,False
2026-06-09,POWERINDIA,ENERGY,SHORT,-1.54,34470.0,-0.506,False
2026-06-10,COLPAL,FMCG,LONG,3.15,2087.10009765625,-1.619,False
2026-06-10,NESTLEIND,FMCG,LONG,2.94,1451.300048828125,-1.03,False
2026-06-10,HINDUNILVR,FMCG,LONG,2.83,2194.699951171875,-1.335,False
2026-06-10,HINDALCO,METAL,SHORT,-3.62,1036.0,-0.312,False
2026-06-10,HINDZINC,METAL,SHORT,-3.61,544.0,-0.633,False
2026-06-10,VEDL,METAL,SHORT,-2.63,298.3999938964844,-0.251,False
2026-06-11,POWERINDIA,ENERGY,LONG,2.13,33975.0,-2.1,True
2026-06-11,IDEA,TELECOM,LONG,1.87,14.140000343322754,0.112,False
2026-06-11,LALPATHLAB,PHARMA,LONG,1.74,1600.4000244140625,-0.144,False
2026-06-11,HCLTECH,IT,SHORT,-2.99,1096.9000244140625,-1.404,False
2026-06-11,INFY,IT,SHORT,-2.97,1111.300048828125,-0.343,False
2026-06-11,TECHM,IT,SHORT,-1.92,1450.5,-2.1,True
2026-06-12,INDIGO,CONSUMER DUR,LONG,3.28,4650.0,1.128,False
2026-06-12,IDEA,TELECOM,LONG,2.53,14.59000015258789,2.299,False
2026-06-12,GODREJPROP,REALTY,LONG,2.37,1656.300048828125,1.874,False
2026-06-12,TECHM,IT,SHORT,-1.28,1448.199951171875,1.233,False
2026-06-12,COFORGE,IT,SHORT,-1.08,1378.699951171875,0.799,False
2026-06-15,KALYANKJIL,CONSUMER DUR,LONG,6.09,365.75,4.562,False
2026-06-15,CHOLAFIN,FIN,LONG,5.29,1651.0,0.039,False
2026-06-15,GODREJPROP,REALTY,LONG,4.87,1773.800048828125,-0.658,False
2026-06-15,AUROPHARMA,PHARMA,SHORT,-1.27,1454.0999755859375,3.036,False
2026-06-16,HCLTECH,IT,LONG,3.26,1155.800048828125,0.16,False
2026-06-16,COFORGE,IT,LONG,2.88,1443.4000244140625,1.466,False
2026-06-16,PERSISTENT,IT,LONG,2.55,5015.0,-0.06,False
2026-06-16,HINDALCO,METAL,SHORT,-3.48,978.0999755859375,-0.55,False
2026-06-16,IDEA,TELECOM,SHORT,-2.08,14.609999656677246,-0.442,False
2026-06-16,JSWSTEEL,METAL,SHORT,-1.68,1275.800048828125,0.025,False
2026-06-17,VOLTAS,CONSUMER DUR,LONG,3.17,1370.0999755859375,-1.122,False
2026-06-17,NYKAA,CONSUMER DUR,LONG,2.76,279.5,0.383,False
2026-06-17,POWERINDIA,ENERGY,LONG,2.19,35500.0,1.252,False
2026-06-17,LODHA,REALTY,SHORT,-3.86,901.5,-2.1,True
2026-06-17,OBEROIRLTY,REALTY,SHORT,-2.71,1661.4000244140625,-2.1,True
2026-06-17,GODREJPROP,REALTY,SHORT,-1.27,1773.9000244140625,-1.013,False
2026-06-18,NYKAA,CONSUMER DUR,LONG,3.7,291.3500061035156,2.285,False
2026-06-18,ICICIGI,FIN,LONG,2.12,1828.4000244140625,0.42,False
2026-06-18,HDFCBANK,BANK,LONG,2.04,802.0,-0.393,False
2026-06-18,INFY,IT,SHORT,-1.85,1135.0,0.587,False
2026-06-18,CGPOWER,INFRA,SHORT,-1.18,953.0,-0.441,False
2026-06-18,GRASIM,CEMENT,SHORT,-1.16,3114.300048828125,-1.147,False
2026-06-19,AUROPHARMA,PHARMA,LONG,1.65,1468.5999755859375,1.99,False
2026-06-19,NTPC,ENERGY,LONG,1.34,366.79998779296875,-0.386,False
2026-06-19,BHARTIARTL,TELECOM,LONG,1.23,1897.800048828125,0.559,False
2026-06-19,INFY,IT,SHORT,-7.49,1043.5,-1.173,False
2026-06-19,TCS,IT,SHORT,-5.62,2079.10009765625,-2.1,True
2026-06-19,PERSISTENT,IT,SHORT,-4.42,4721.5,-2.1,True
2026-06-22,RELIANCE,OIL & GAS,LONG,2.29,1341.699951171875,-1.181,False
2026-06-22,COFORGE,IT,LONG,1.96,1494.800048828125,-0.923,False
2026-06-22,BAJAJHLDNG,FIN,LONG,1.4,10827.0,0.583,False
2026-06-22,ADANIPORTS,INFRA,SHORT,-1.11,1818.5,-0.578,False
2026-06-22,INDIGO,CONSUMER DUR,SHORT,-1.05,4967.2998046875,-1.213,False
2026-06-23,OBEROIRLTY,REALTY,LONG,2.85,1736.0,-2.1,True
2026-06-23,ALKEM,PHARMA,LONG,2.39,5490.0,-1.357,False
2026-06-23,BIOCON,PHARMA,LONG,2.39,431.1499938964844,-2.1,True
2026-06-23,VEDL,METAL,SHORT,-6.53,285.70001220703125,1.213,False
2026-06-23,INFY,IT,SHORT,-2.74,1035.800048828125,0.634,False
2026-06-23,HINDZINC,METAL,SHORT,-2.72,557.1500244140625,1.686,False
2026-06-24,SHREECEM,CEMENT,LONG,3.2,25835.0,0.79,False
2026-06-24,TECHM,IT,LONG,2.85,1455.9000244140625,0.333,False
2026-06-24,AMBUJACEM,CEMENT,LONG,2.62,425.70001220703125,0.264,False
2026-06-24,POWERINDIA,ENERGY,SHORT,-4.78,34400.0,1.194,False
2026-06-24,SAIL,METAL,SHORT,-1.48,166.5500030517578,-2.1,True
2026-06-24,APLAPOLLO,METAL,SHORT,-1.33,1817.5,-0.573,False
2026-06-25,MARUTI,AUTO,LONG,3.54,13680.0,0.324,False
2026-06-25,TVSMOTOR,AUTO,LONG,2.86,3544.300048828125,0.667,False
2026-06-25,MOTHERSON,AUTO,LONG,2.81,148.80999755859375,1.808,False
2026-06-25,HINDZINC,METAL,SHORT,-3.02,525.1500244140625,1.223,False
2026-06-25,VEDL,METAL,SHORT,-2.96,274.04998779296875,0.137,False
2026-06-25,HINDALCO,METAL,SHORT,-1.73,959.7000122070312,0.515,False
2026-06-29,DRREDDY,PHARMA,LONG,4.48,1411.0,-2.1,True
2026-06-29,CIPLA,PHARMA,LONG,3.25,1486.0,-2.1,True
2026-06-29,GLENMARK,PHARMA,LONG,2.57,2209.699951171875,-1.177,False
2026-06-29,PERSISTENT,IT,SHORT,-8.41,4439.0,2.975,False
2026-06-29,BPCL,OIL & GAS,SHORT,-2.5,302.1000061035156,0.314,False
2026-06-29,IOC,OIL & GAS,SHORT,-2.09,140.92999267578125,1.191,False
2026-06-30,FEDERALBNK,BANK,LONG,1.8,330.8500061035156,-0.312,False
2026-06-30,RBLBANK,BANK,LONG,1.61,369.3999938964844,0.103,False
2026-06-30,INDUSINDBK,BANK,LONG,1.29,927.2000122070312,-0.084,False
2026-06-30,TATACONSUM,FMCG,SHORT,-3.47,1073.4000244140625,-0.137,False
2026-06-30,INFY,IT,SHORT,-2.19,1011.4000244140625,0.968,False
2026-06-30,TCS,IT,SHORT,-1.99,2051.0,0.675,False
2026-07-01,NESTLEIND,FMCG,LONG,2.97,1447.0,0.356,False
2026-07-01,DABUR,FMCG,LONG,2.89,434.29998779296875,2.191,False
2026-07-01,M&M,AUTO,LONG,2.72,3160.0,-1.075,False
2026-07-01,COFORGE,IT,SHORT,-2.78,1429.0999755859375,3.979,False
2026-07-01,JINDALSTEL,METAL,SHORT,-2.37,1034.800048828125,0.547,False
2026-07-01,TECHM,IT,SHORT,-2.03,1376.9000244140625,0.895,False
2026-07-02,COFORGE,IT,LONG,4.96,1435.800048828125,0.408,False
2026-07-02,INFY,IT,LONG,4.77,1033.0,0.616,False
2026-07-02,PERSISTENT,IT,LONG,3.53,4477.7998046875,2.227,False
2026-07-02,BHEL,INFRA,SHORT,-1.85,406.29998779296875,0.848,False
2026-07-02,LT,INFRA,SHORT,-1.74,4021.10009765625,-1.095,False
2026-07-02,COLPAL,FMCG,SHORT,-1.4,2043.0,-0.957,False
2026-07-03,LODHA,REALTY,LONG,4.36,1050.0999755859375,0.529,False
2026-07-03,HCLTECH,IT,LONG,4.24,1126.300048828125,0.974,False
2026-07-03,PERSISTENT,IT,LONG,2.87,4712.2001953125,-0.705,False
2026-07-03,POWERINDIA,ENERGY,SHORT,-7.26,31360.0,0.761,False
2026-07-03,UNIONBANK,BANK,SHORT,-6.5,163.0500030517578,-0.161,False
2026-07-03,CGPOWER,INFRA,SHORT,-4.64,914.8499755859375,2.141,False
2026-07-06,CGPOWER,INFRA,LONG,3.16,922.6500244140625,0.128,False
2026-07-06,BHEL,INFRA,LONG,2.52,392.95001220703125,-1.449,False
2026-07-06,OBEROIRLTY,REALTY,LONG,2.47,1982.0999755859375,-1.477,False
2026-07-06,TCS,IT,SHORT,-1.5,2056.60009765625,-0.168,False
2026-07-06,INFY,IT,SHORT,-1.13,1035.300048828125,-0.795,False
2026-07-06,WIPRO,IT,SHORT,-1.04,173.9199981689453,-0.29,False
2026-07-07,INFY,IT,LONG,3.17,1077.0,-0.564,False
2026-07-07,SBILIFE,FIN,LONG,2.58,1833.800048828125,-0.362,False
2026-07-07,TCS,IT,LONG,2.22,2104.800048828125,-0.494,False
2026-07-07,CGPOWER,INFRA,SHORT,-2.47,901.2000122070312,-0.966,False
2026-07-07,BHEL,INFRA,SHORT,-2.28,378.6499938964844,0.402,False
2026-07-07,SIEMENS,INFRA,SHORT,-2.25,3491.60009765625,-0.043,False
2026-07-08,LODHA,REALTY,LONG,1.81,1120.949951171875,-0.716,False
2026-07-08,ZYDUSLIFE,PHARMA,LONG,1.48,1170.0999755859375,-2.1,True
2026-07-08,IDEA,TELECOM,LONG,1.36,14.130000114440918,-2.1,True
2026-07-08,DABUR,FMCG,SHORT,-2.56,442.3999938964844,1.369,False
2026-07-08,ITC,FMCG,SHORT,-2.36,281.3500061035156,0.167,False
2026-07-08,EICHERMOT,AUTO,SHORT,-2.01,7358.0,-2.1,True
2026-07-09,KALYANKJIL,CONSUMER DUR,LONG,11.56,418.3500061035156,5.625,False
2026-07-09,BHARTIARTL,TELECOM,LONG,3.62,1953.800048828125,-1.267,False
2026-07-09,LODHA,REALTY,LONG,2.71,1145.300048828125,3.668,False
2026-07-09,INFY,IT,SHORT,-1.7,1051.0999755859375,0.166,False
2026-07-09,HINDZINC,METAL,SHORT,-1.45,525.0,-0.557,False
2026-07-09,TCS,IT,SHORT,-1.32,2032.5,-0.7,False
2026-07-10,KALYANKJIL,CONSUMER DUR,LONG,6.64,468.95001220703125,0.55,False
2026-07-10,HINDZINC,METAL,LONG,2.68,542.6500244140625,-1.058,False
2026-07-10,SAIL,METAL,LONG,2.6,171.5399932861328,-2.1,True
2026-07-13,KALYANKJIL,CONSUMER DUR,LONG,5.38,506.04998779296875,0.404,False
2026-07-13,TCS,IT,LONG,2.58,2121.199951171875,2.724,False
2026-07-13,VOLTAS,CONSUMER DUR,LONG,2.11,1315.0999755859375,2.257,False
2026-07-13,TATASTEEL,METAL,SHORT,-1.75,187.83999633789062,0.23,False
2026-07-13,JINDALSTEL,METAL,SHORT,-1.62,1035.0999755859375,0.509,False
2026-07-13,GODFRYPHLP,FMCG,SHORT,-1.42,2088.0,-0.272,False
2026-07-14,BIOCON,PHARMA,LONG,6.94,442.5,-1.117,False
2026-07-14,HINDALCO,METAL,LONG,2.72,991.2000122070312,-1.845,False
2026-07-14,BHARTIARTL,TELECOM,LONG,1.46,1929.5999755859375,0.138,False
2026-07-14,CHOLAFIN,FIN,SHORT,-3.39,1749.5999755859375,-1.255,False
2026-07-14,LODHA,REALTY,SHORT,-3.19,1160.4000244140625,0.869,False
2026-07-14,ASHOKLEY,AUTO,SHORT,-2.93,154.33999633789062,-0.696,False
2026-07-15,BANDHANBNK,BANK,LONG,4.73,217.6999969482422,-0.656,False
2026-07-15,CHOLAFIN,FIN,LONG,2.43,1818.0999755859375,-1.129,False
2026-07-15,HDFCLIFE,FIN,LONG,2.24,567.6500244140625,-0.012,False
2026-07-16,SRF,CHEMICALS,LONG,4.16,2894.0,-0.411,False
2026-07-16,HCLTECH,IT,LONG,2.72,1198.9000244140625,-1.159,False
2026-07-16,TECHM,IT,LONG,1.94,1527.699951171875,-1.2,False
2026-07-16,ICICIGI,FIN,SHORT,-10.58,1623.0,-0.094,False
2026-07-16,RBLBANK,BANK,SHORT,-2.79,362.45001220703125,-0.362,False
2026-07-16,SBILIFE,FIN,SHORT,-2.09,1827.300048828125,0.163,False
2026-07-17,TECHM,IT,LONG,2.6,1552.4000244140625,1.717,False
2026-07-17,HCLTECH,IT,LONG,1.77,1209.0,-0.447,False
2026-07-17,INFY,IT,LONG,1.6,1101.300048828125,-0.645,False
2026-07-17,PGEL,ENERGY,SHORT,-2.68,604.2999877929688,-2.1,True
2026-07-17,POWERINDIA,ENERGY,SHORT,-2.34,32760.0,1.884,False
2026-07-17,UPL,CHEMICALS,SHORT,-2.19,615.25,-0.514,False
2026-07-20,JSWSTEEL,METAL,LONG,2.75,1264.800048828125,-0.693,False
2026-07-20,VEDL,METAL,LONG,2.37,259.04998779296875,0.942,False
2026-07-20,JINDALSTEL,METAL,LONG,1.76,1042.5,-1.069,False
2026-07-20,AXISBANK,BANK,SHORT,-4.86,1264.800048828125,0.612,False
2026-07-20,HDFCBANK,BANK,SHORT,-4.41,783.4500122070312,0.628,False
2026-07-20,KOTAKBANK,BANK,SHORT,-3.16,378.3500061035156,-1.184,False
2026-07-21,UPL,CHEMICALS,LONG,2.02,618.2999877929688,-0.084,False
2026-07-21,ULTRACEMCO,CEMENT,LONG,1.53,12085.0,0.008,False
2026-07-21,ATUL,CHEMICALS,LONG,1.21,6165.5,0.37,False
2026-07-21,PGEL,ENERGY,SHORT,-1.48,611.7000122070312,0.211,False
