date,capital,trade_pnl,peak,drawdown,drawdown_pct
2021-11-03,48925.94564134198,-1074.0543586580166,48925.94564134198,0.0,0.0
2021-11-15,50817.34840811024,1891.402766768263,50817.34840811024,0.0,0.0
2021-11-25,48755.447197733556,-2061.901210376685,50817.34840811024,-2061.9012103766872,-4.057475006011168
2022-08-29,45935.70765587217,-2819.7395418613864,50817.34840811024,-4881.640752238076,-9.606248466633858
2022-09-19,43361.50386164846,-2574.2037942237084,50817.34840811024,-7455.8445464617835,-14.671848846941927
2022-11-30,43027.928302030916,-333.575559617546,50817.34840811024,-7789.4201060793275,-15.328269479003684
2022-12-19,44912.07572590037,1884.1474238694602,50817.34840811024,-5905.27268220987,-11.620584046977573
2023-01-09,47637.36931868932,2725.2935927889503,50817.34840811024,-3179.979089420922,-6.257664339120477
2023-01-18,46957.805481267606,-679.5638374217149,50817.34840811024,-3859.542926842638,-7.594931746235447
2023-02-08,46416.50704457482,-541.2984366927844,50817.34840811024,-4400.841363535423,-8.660116085145967
2023-02-28,43904.691314764495,-2511.8157298103247,50817.34840811024,-6912.657093345748,-13.602947241227007
2023-04-13,42260.60974875221,-1644.0815660122807,50817.34840811024,-8556.73865935803,-16.838223416616536
2023-04-25,43273.824997395626,1013.2152486434115,50817.34840811024,-7543.523410714617,-14.844386114232403
2023-05-16,44389.759222174485,1115.9342247788593,50817.34840811024,-6427.589185935758,-12.648415132399826
2023-06-05,44188.83163678823,-200.92758538625333,50817.34840811024,-6628.516771322014,-13.0438068473957
2023-06-14,45024.235024509326,835.4033877210974,50817.34840811024,-5793.113383600918,-11.399873399684033
2023-07-05,45526.19147873469,501.95645422536256,50817.34840811024,-5291.156929375553,-10.412107469446607
2023-08-14,46527.69105623819,1001.4995775034982,50817.34840811024,-4289.657351872054,-8.441324638629595
2023-09-04,45891.24859124446,-636.4424649937291,50817.34840811024,-4926.0998168657825,-9.6937364328903
2023-09-13,45984.75310188275,93.50451063828658,50817.34840811024,-4832.595306227493,-9.509735272720823
2023-10-05,47751.72212709958,1766.969025216826,50817.34840811024,-3065.6262810106637,-6.032637233235495
2023-10-16,47527.787002049525,-223.93512505005688,50817.34840811024,-3289.5614060607186,-6.4733039190524115
2023-10-26,45797.61958952094,-1730.167412528585,50817.34840811024,-5019.728818589305,-9.877982570590355
2023-11-06,45770.167978564845,-27.451610956092054,50817.34840811024,-5047.1804295453985,-9.932002726730008
2023-11-16,45942.0574498141,171.88947124925136,50817.34840811024,-4875.290958296144,-9.593753139465393
2023-11-28,44507.64362931243,-1434.4138205016748,50817.34840811024,-6309.704778797815,-12.416438433829837
2023-12-28,44206.0726229711,-301.5710063413252,50817.34840811024,-6611.275785139143,-13.009879484550222
2024-01-03,40231.82556232907,-3974.2470606420325,50817.34840811024,-10585.522845781175,-20.830529685983713
2024-01-17,43838.37845804611,3606.5528957170386,50817.34840811024,-6978.969950064136,-13.733439797009009
2024-02-28,43906.61527618496,68.23681813885543,50817.34840811024,-6910.733131925284,-13.599161208541844
2024-03-20,46242.236321813376,2335.6210456284175,50817.34840811024,-4575.112086296867,-9.003051575132357
2024-04-24,45738.28014251328,-503.95617930009706,50817.34840811024,-5079.068265596965,-9.994752628191765
2024-05-15,47501.183753424215,1762.9036109109365,50817.34840811024,-3316.1646546860284,-6.525654640722619
2024-06-04,50728.652127971465,3227.468374547253,50817.34840811024,-88.69628013877809,-0.17453937074100176
2024-07-12,53208.18644355589,2479.5343155844207,53208.18644355589,0.0,0.0
2024-08-05,52504.305893925215,-703.8805496306722,53208.18644355589,-703.8805496306741,-1.322880174420833
2024-09-16,52430.73383056547,-73.57206335974666,53208.18644355589,-777.4526129904189,-1.4611522492223132
2024-09-25,53031.017537688924,600.283707123451,53208.18644355589,-177.16890586696536,-0.33297302108747684
2024-10-16,54393.65743734177,1362.6398996528408,54393.65743734177,0.0,0.0
2024-10-31,49617.589760478244,-4776.067676863522,54393.65743734177,-4776.067676863524,-8.780559906943687
2024-11-27,51648.49706644022,2030.9073059619777,54393.65743734177,-2745.160370901547,-5.046839098958931
2024-12-17,47524.15846692507,-4124.338599515146,54393.65743734177,-6869.498970416695,-12.629227917482744
2025-01-06,51109.78995706141,3585.631490136339,54393.65743734177,-3283.867480280358,-6.037224990915855
2025-01-27,48274.27393899208,-2835.5160180693274,54393.65743734177,-6119.383498349685,-11.250178396992053
2025-02-04,47261.74857417599,-1012.5253648160907,54393.65743734177,-7131.90886316578,-13.11165529065831
2025-02-24,44049.166787408234,-3212.5817867677542,54393.65743734177,-10344.490649933534,-19.01782512391223
2025-03-18,44211.0589243636,161.89213695536608,54393.65743734177,-10182.59851297817,-18.720194582811263
2025-04-08,43833.65820616434,-377.40071819925305,54393.65743734177,-10559.999231177426,-19.414026797778604
2025-07-01,44020.99248457412,187.3342784097801,54393.65743734177,-10372.664952767649,-19.06962216084906
2025-07-21,44876.29965961282,855.3071750387048,54393.65743734177,-9517.357777728947,-17.49718299177137
2025-07-25,41882.44070298917,-2993.858956623648,54393.65743734177,-12511.216734352594,-23.001241916421534
2025-08-20,42299.617450259524,417.1767472703479,54393.65743734177,-12094.039987082244,-22.234283475079522
2025-09-10,41158.05473879473,-1141.5627114647962,54393.65743734177,-13235.602698547038,-24.33298903239529
2025-09-25,38003.629872761936,-3154.4248660327953,54393.65743734177,-16390.027564579832,-30.132240295589906
2025-10-21,38236.86999902741,233.24012626547486,54393.65743734177,-16156.787438314357,-29.70344006914043
2025-11-12,38145.76463944314,-91.1053595842688,54393.65743734177,-16247.892797898625,-29.870932684780797
2025-12-02,40277.81905104248,2132.0544115993416,54393.65743734177,-14115.838386299285,-25.951258016727195
2025-12-22,42204.0887700701,1926.2697190276142,54393.65743734177,-12189.56866727167,-22.409908142899422
2026-01-01,44098.76100331902,1894.672233248925,54393.65743734177,-10294.896434022747,-18.92664865546475
2026-01-12,41868.194849899286,-2230.5661534197325,54393.65743734177,-12525.462587442482,-23.027432199923425
2026-01-22,40048.5649909471,-1819.629858952184,54393.65743734177,-14345.092446394665,-26.372730061256412
2026-02-03,42900.50853152711,2851.943540580007,54393.65743734177,-11493.148905814654,-21.129575482314408
2026-02-23,45318.503953318446,2417.9954217913332,54393.65743734177,-9075.153484023322,-16.68421266666496
2026-03-05,40870.8489975899,-4447.654955728548,54393.65743734177,-13522.808439751869,-24.861002324267922
2026-05-20,39540.51517981946,-1330.333817770439,54393.65743734177,-14853.142257522311,-27.306754054242887
2026-06-10,39138.79831118101,-401.7168686384437,54393.65743734177,-15254.859126160758,-28.045290287260865
2026-07-01,40613.766385700685,1474.9680745196756,54393.65743734177,-13779.891051641083,-25.333635759858016
2026-07-21,43103.523389512186,2489.757003811499,54393.65743734177,-11290.134047829582,-20.756342889490636
2026-08-10,42932.97507456792,-170.54831494426708,54393.65743734177,-11460.682362773849,-21.06988737790958
2026-08-19,39724.06447104852,-3208.9106035193963,54393.65743734177,-14669.592966293247,-26.969307925637725
2022-11-21,39956.278224577145,232.21375352862026,54393.65743734177,-14437.379212764623,-26.54239463377806
2022-11-30,39486.86452347148,-469.4137011056681,54393.65743734177,-14906.79291387029,-27.405388084156723
2022-12-15,41198.635968106,1711.7714446345192,54393.65743734177,-13195.02146923577,-24.258382485927964
2023-05-16,40584.68697335449,-613.9489947515136,54393.65743734177,-13808.97046398728,-25.387096795052592
2023-06-05,39579.09621644051,-1005.5907569139794,54393.65743734177,-14814.561220901262,-27.235824761309253
2023-06-14,40066.56631888026,487.4701024397504,54393.65743734177,-14327.09111846151,-26.339635526376327
2023-07-05,40118.8515528823,52.285234002038976,54393.65743734177,-14274.80588445947,-26.243511756684484
2023-07-25,41530.524199933694,1411.6726470513968,54393.65743734177,-12863.133237408074,-23.64822268520118
2023-08-14,39686.05659408388,-1844.4676058498167,54393.65743734177,-14707.60084325789,-27.039183493406675
2023-09-04,40074.541041741104,388.4844476572286,54393.65743734177,-14319.116395600664,-26.324974399994023
2023-09-13,40271.30222948317,196.76118774206046,54393.65743734177,-14122.3552078586,-25.963238864984778
2023-10-05,41585.90505382036,1314.6028243371936,54393.65743734177,-12807.752383521409,-23.54640777424311
2023-10-16,42656.456958126575,1070.5519043062168,54393.65743734177,-11737.200479215193,-21.57825200987035
2023-10-23,40322.956280627186,-2333.5006774993926,54393.65743734177,-14070.701156714582,-25.868275493191806
2023-11-06,40168.58855070656,-154.36772992062572,54393.65743734177,-14225.068886635207,-26.152072790879398
2023-11-16,39973.73919182555,-194.84935888101205,54393.65743734177,-14419.918245516215,-26.51029352480498
2023-11-28,39549.941763528004,-423.7974282975466,54393.65743734177,-14843.715673813764,-27.289423754806037
2024-01-17,39313.945217822016,-235.99654570598972,54393.65743734177,-15079.712219519752,-27.723291519586958
2024-02-28,36899.8654168143,-2414.079801007721,54393.65743734177,-17493.79202052747,-32.16145566361164
2024-03-20,34528.403068944026,-2371.462347870268,54393.65743734177,-19865.254368397742,-36.52126976620633
2024-04-23,35916.9788061316,1388.575737187573,54393.65743734177,-18476.67863121017,-33.968443200375326
2024-05-15,37080.74552024253,1163.7667141109346,54393.65743734177,-17312.911917099234,-31.828916702361248
2024-06-03,39066.25159131611,1985.5060710735768,54393.65743734177,-15327.405846025657,-28.178663778367742
2024-07-16,40779.094364083285,1712.8427727671726,54393.65743734177,-13614.563073258483,-25.029688597317882
2024-08-06,38994.79634951247,-1784.2980145708148,54393.65743734177,-15398.861087829297,-28.310030642024508
2024-08-27,40266.81135639742,1272.0150068849484,54393.65743734177,-14126.84608094435,-25.97149510899801
2024-09-16,39447.04205349301,-819.7693029044094,54393.65743734177,-14946.615383848759,-27.478599689800898
2024-09-25,39672.77573349975,225.73368000674236,54393.65743734177,-14720.881703842017,-27.06359968678258
2025-02-25,37501.674948189044,-2171.1007853107108,54393.65743734177,-16891.982489152724,-31.055059146576557
2025-03-19,38627.79311786037,1126.1181696713222,54393.65743734177,-15765.8643194814,-28.98474760157971
2025-06-23,39972.03012928058,1344.2370114202158,54393.65743734177,-14421.627308061186,-26.513435550227594
2025-07-02,41917.34886794442,1945.3187386638388,54393.65743734177,-12476.308569397348,-22.93706501308412
2025-07-21,43203.89356311149,1286.5446951670672,54393.65743734177,-11189.76387423028,-20.571817379848408
2025-08-11,44987.48273185305,1783.5891687415665,54393.65743734177,-9406.174705488716,-17.292778512502245
2025-08-21,45285.123854636564,297.6411227835115,54393.65743734177,-9108.533582705204,-16.745580297110354
2025-09-02,44161.51216883262,-1123.6116858039495,54393.65743734177,-10232.14526850915,-18.811283797740515
2025-09-22,45122.15648428469,960.6443154520732,54393.65743734177,-9271.500953057075,-17.045187600663347
2025-10-01,46212.30345015335,1090.1469658686524,54393.65743734177,-8181.35398718842,-15.041007302391552
2025-10-13,47652.69620555427,1440.3927554009183,54393.65743734177,-6740.9612317875,-12.392917758017436
2025-10-23,47561.09996869178,-91.59623686249006,54393.65743734177,-6832.5574686499895,-12.561312826813836
2025-11-24,48639.66821689938,1078.5682482075983,54393.65743734177,-5753.989220442389,-10.578419417871723
2025-12-03,49368.28365997759,728.615443078211,54393.65743734177,-5025.373777364177,-9.238896617961581
2025-12-23,50185.53278547131,817.249125493719,54393.65743734177,-4208.1246518704575,-7.7364252564151705
2026-01-13,52670.062470145014,2484.5296846737065,54393.65743734177,-1723.5949671967537,-3.168742549041185
2026-02-03,56476.127797889356,3806.06532774434,56476.127797889356,0.0,0.0
2021-11-03,55103.59345444947,-1372.5343434398906,56476.127797889356,-1372.5343434398892,-2.4302911636430995
2021-11-15,56398.68876132086,1295.095306871391,56476.127797889356,-77.4390365684958,-0.13711817645435292
2021-11-25,55077.3967846545,-1321.29197666636,56476.127797889356,-1398.7310132348575,-2.476676549498019
2022-08-29,53124.9668465567,-1952.4299380977993,56476.127797889356,-3351.160951332655,-5.933765436832756
2022-11-21,55209.50941983148,2084.542573274773,56476.127797889356,-1266.6183780578795,-2.242750038725594
2022-11-30,54772.4256842402,-437.08373559127153,56476.127797889356,-1703.702113649153,-3.0166765677458933
2022-12-20,53281.866334593324,-1490.5593496468805,56476.127797889356,-3194.261463296032,-5.655949846149702
2023-01-09,55180.241769470966,1898.375434877642,56476.127797889356,-1295.8860284183902,-2.294573085916879
2023-01-18,54719.81967196067,-460.4220975102942,56476.127797889356,-1756.3081259286846,-3.109823910403294
2023-02-08,54293.41471574953,-426.404956211141,56476.127797889356,-2182.713082139824,-3.8648419557925098
2023-02-28,50977.17373621185,-3316.240979537683,56476.127797889356,-5498.954061677505,-9.7367760080092
2023-04-13,49783.45681349045,-1193.716922721402,56476.127797889356,-6692.670984398908,-11.850442382221942
2023-04-25,51258.1852282331,1474.7284147426558,56476.127797889356,-5217.942569656254,-9.23920030128422
2023-05-16,52743.70222020071,1485.5169919676075,56476.127797889356,-3732.4255776886494,-6.608855322103261
2023-06-05,52389.74662089538,-353.95559930532954,56476.127797889356,-4086.3811769939784,-7.235590215423191
2023-06-14,53392.94029410722,1003.1936732118379,56476.127797889356,-3083.1875037821374,-5.459275669210033
2023-07-05,54700.59619144176,1307.655897334535,56476.127797889356,-1775.5316064475992,-3.1438621514592486
2023-08-14,56006.49121003468,1305.8950185929177,56476.127797889356,-469.6365878546785,-0.8315665506235892
2023-09-04,56335.64073781987,329.14952778519137,56476.127797889356,-140.48706006948487,-0.24875476692071513
2023-09-13,56510.681377073,175.04063925312948,56510.681377073,0.0,0.0
2023-10-05,58881.58002276895,2370.8986456959465,58881.58002276895,0.0,0.0
2023-10-16,58591.724931585726,-289.8550911832217,58881.58002276895,-289.8550911832208,-0.4922678553651865
2023-10-26,56205.97622253472,-2385.7487090510003,58881.58002276895,-2675.6038002342248,-4.544042125227608
2023-11-06,56199.88376395312,-6.092458581601363,58881.58002276895,-2681.6962588158276,-4.55438909380292
2023-11-16,56394.2467035444,194.36293959128307,58881.58002276895,-2487.333319224548,-4.22429785046991
2023-11-28,55485.726910503174,-908.5197930412227,58881.58002276895,-3395.8531122657732,-5.767258811588665
2023-12-28,55247.63569489235,-238.09121561082407,58881.58002276895,-3633.9443278765975,-6.171614835185105
2024-01-09,56151.490228875715,903.8545339833632,58881.58002276895,-2730.089793893232,-4.636576995450075
2024-01-31,56798.11290998375,646.6226811080321,58881.58002276895,-2083.467112785198,-3.538402182787115
2024-03-12,57625.77945439805,827.6665444143009,58881.58002276895,-1255.800568370898,-2.132756233588317
2024-04-03,56686.90837836654,-938.8710760315092,58881.58002276895,-2194.671644402406,-3.7272635067770725
2024-05-07,54914.40171916053,-1772.506659206012,58881.58002276895,-3967.178303608416,-6.7375540908962455
2024-05-28,55011.590909715036,97.18919055450499,58881.58002276895,-3869.989113053911,-6.572495356879729
2024-07-18,55395.48307214918,383.8921624341481,58881.58002276895,-3486.0969506197653,-5.920522087334825
2024-07-29,55909.42082428375,513.9377521345682,58881.58002276895,-2972.1591984851984,-5.047689272835227
2024-08-05,54789.513320145095,-1119.9075041386527,58881.58002276895,-4092.0667026238516,-6.949655055182773
2024-09-17,54471.795876142314,-317.71744400278067,58881.58002276895,-4409.784146626633,-7.489242212796279
2024-10-08,52859.2751740261,-1612.5207021162146,58881.58002276895,-6022.304848742846,-10.227824807714192
2024-10-28,50788.88986407708,-2070.385309949022,58881.58002276895,-8092.690158691868,-13.7440098508948
2024-11-04,47918.89116899927,-2869.99869507781,58881.58002276895,-10962.68885376968,-18.61819748982706
2024-12-18,45313.96310712178,-2604.9280618774865,58881.58002276895,-13567.616915647166,-23.04220931299856
2025-01-06,47345.37707769607,2031.4139705742866,58881.58002276895,-11536.20294507288,-19.592210230452274
2025-01-28,49521.67812456849,2176.301046872427,58881.58002276895,-9359.901898200456,-15.896145950195411
2025-02-17,47484.16951421432,-2037.5086103541666,58881.58002276895,-11397.410508554625,-19.35649570569838
2025-02-27,45364.41967959171,-2119.749834622612,58881.58002276895,-13517.160343177238,-22.956517705452676
2025-03-20,46433.240429173515,1068.8207495818028,58881.58002276895,-12448.339593595432,-21.141313784008137
2025-06-24,47486.05581917011,1052.815389996598,58881.58002276895,-11395.524203598834,-19.353292148736994
2025-07-14,45444.47830836492,-2041.5775108051862,58881.58002276895,-13437.101714404023,-22.820552215494256
2025-07-18,43192.86506798929,-2251.6132403756346,58881.58002276895,-15688.714954779658,-26.6445210008172
2025-08-11,44484.73221241904,1291.867144429748,58881.58002276895,-14396.847810349907,-24.45051203582306
2025-09-03,45835.942869732244,1351.2106573132064,58881.58002276895,-13045.637153036703,-22.155718559169234
2025-09-23,46737.08404855519,901.1411788229452,58881.58002276895,-12144.495974213758,-20.62528887560014
2025-10-14,47850.31522171703,1113.2311731618404,58881.58002276895,-11031.264801051919,-18.734661666324566
2025-11-03,49989.495666550225,2139.180444833197,58881.58002276895,-8892.084356218722,-15.101640195083485
2025-11-25,52147.17875463632,2157.683088086094,58881.58002276895,-6734.401268132628,-11.43719524090301
2025-12-15,53309.347475039234,1162.1687204029172,58881.58002276895,-5572.232547729713,-9.463456221071146
2025-12-24,53959.060611805646,649.713136766411,58881.58002276895,-4922.519410963301,-8.360032813419425
2026-01-05,56388.590967151984,2429.530355346335,58881.58002276895,-2492.989055616963,-4.233903123273778
2026-01-14,54096.12798742604,-2292.462979725943,58881.58002276895,-4785.452035342903,-8.127248000974863
2026-01-27,52003.34491580997,-2092.7830716160724,58881.58002276895,-6878.235106958979,-11.681471700146686
2026-02-16,54196.28705606722,2192.9421402572575,58881.58002276895,-4685.292966701723,-7.9571454517524245
2026-02-25,52213.73149581791,-1982.555560249308,58881.58002276895,-6667.848526951035,-11.324167123865632
2026-06-03,49978.264040734786,-2235.467455083124,58881.58002276895,-8903.31598203416,-15.120715134667467
2026-06-23,51652.78201759584,1674.5179768610558,58881.58002276895,-7228.7980051731065,-12.276841080653405
2026-07-10,53905.59578972193,2252.8137721260864,58881.58002276895,-4975.98423304702,-8.450833403456318
2026-08-03,53838.913846692165,-66.68194302975962,58881.58002276895,-5042.666176076782,-8.564080947092165
2026-08-12,54810.4240490373,971.5102023451362,58881.58002276895,-4071.1559737316493,-6.914141862628978
