index,entry_date,exit_date,strike,entry_spot,exit_spot,entry_vix,exit_vix,net_debit,lots,total_cost,pnl,pnl_pct,exit_reason,days_held,capital_after,year
NIFTY,2021-10-27,2021-10-28,18200,18210.94921875,17857.25,10.303051281893568,12.633814719243796,111.23068773913215,1,5561.534386956608,-2094.8792996058673,-37.667290244918014,STOP_LOSS,1,47905.12070039413,2021
NIFTY,2021-11-08,2021-11-11,18050,18068.55078125,17873.599609375,12.998816016005618,13.148571023739988,139.23656324874463,1,6961.828162437231,901.4135777729336,12.947943510535634,QUICK_PROFIT,3,48806.53427816706,2021
NIFTY,2021-11-17,2021-11-22,17900,17898.650390625,17416.55078125,12.86569419419279,14.327016066323095,136.51478430622683,1,6825.7392153113415,-2835.0816339613543,-41.53515897006092,STOP_LOSS,2,45971.45264420571,2021
NIFTY,2022-08-22,2022-08-25,17500,17490.69921875,17522.44921875,12.939757524270009,12.110693571137517,134.17125663442158,1,6708.562831721079,391.70729330181473,5.838915176431647,DELAYED_PROFIT,3,46363.159937507524,2022
NIFTY,2022-09-12,2022-09-15,17950,17936.349609375,17877.400390625,14.973601384694515,15.10724363745988,159.21592547937644,1,7960.796273968822,1075.711904035225,13.512616916887051,QUICK_PROFIT,3,47438.87184154275,2022
NIFTY,2022-11-23,2022-11-30,18250,18267.25,18758.349609375,10.060130400054103,9.682880592161675,108.94391053965552,1,5447.195526982776,-333.575559617546,-6.12380367044241,TIME_STOP,5,47105.296281925206,2022
NIFTY,2022-12-13,2022-12-15,18600,18608.0,18414.900390625,7.897929831867427,9.24045041080993,87.12426875496939,1,4356.21343774847,-1634.8341118514775,-37.52878813707644,STOP_LOSS,2,45470.462170073726,2022
NIFTY,2023-01-02,2023-01-04,18200,18197.44921875,18042.94921875,11.864322316611464,12.303991760589359,127.99105839717963,1,6399.552919858981,701.2935145431846,10.958476683065513,QUICK_PROFIT,2,46171.75568461691,2023
NIFTY,2023-01-11,2023-01-17,17900,17895.69921875,18053.30078125,13.436373437469019,12.86110202291242,142.54661709360576,1,7127.330854680288,1056.515072794879,14.823432422827679,QUICK_PROFIT,4,47228.27075741179,2023
NIFTY,2023-02-01,2023-02-06,17600,17616.30078125,17764.599609375,11.806916795868656,12.367958153416795,123.30406582880869,1,6165.203291440434,1186.1022981160063,19.238656732743127,QUICK_PROFIT,3,48414.373055527794,2023
NIFTY,2023-02-21,2023-02-22,17850,17826.69921875,17554.30078125,10.929713546053016,12.070028499036008,115.50635904059703,1,5775.317952029852,-2519.5504589186066,-43.6261774649664,STOP_LOSS,1,45894.822596609185,2023
NIFTY,2023-04-05,2023-04-11,17550,17557.05078125,17722.30078125,12.42097980189895,11.871576565278204,129.28067128680567,1,6464.033564340283,575.4296974905699,8.902022116113471,DELAYED_PROFIT,3,46470.25229409975,2023
NIFTY,2023-04-18,2023-04-21,17650,17660.150390625,17624.05078125,9.52714273497581,9.017126892474298,99.74318847515077,1,4987.159423757539,330.064653145849,6.618289593340576,DELAYED_PROFIT,3,46800.3169472456,2023
NIFTY,2023-05-09,2023-05-12,18250,18265.94921875,18314.80078125,8.476491881717992,8.32697660471368,91.78771827879889,1,4589.385913939945,513.3205886542569,11.184951500702542,QUICK_PROFIT,3,47313.637535899856,2023
NIFTY,2023-05-29,2023-06-01,18600,18598.650390625,18487.75,8.904758518582014,8.587445224003956,98.18152085501967,1,4909.076042750983,402.93642255583393,8.207989019661497,DELAYED_PROFIT,3,47716.57395845569,2023
NIFTY,2023-06-07,2023-06-09,18750,18726.400390625,18563.400390625,7.043147435362107,7.520655151723152,78.18928867068773,1,3909.4644335343864,-1676.7161013463412,-42.88863934824164,STOP_LOSS,2,46039.857857109346,2023
NIFTY,2023-06-27,2023-07-04,18800,18817.400390625,19389.0,7.056733935962216,8.132251228575239,78.72080866062463,1,3936.0404330312313,232.17449021540588,5.898681534544177,DELAYED_PROFIT,4,46272.03234732475,2023
NIFTY,2023-08-07,2023-08-10,19600,19597.30078125,19543.099609375,9.548584665083045,9.612572576222131,110.9331740122317,1,5546.658700611585,738.9034245920833,13.321595296833577,QUICK_PROFIT,3,47010.93577191683,2023
NIFTY,2023-08-28,2023-08-31,19300,19306.05078125,19253.80078125,7.5313703844634485,6.502239661601113,86.1972931892218,1,4309.86465946109,-121.05629097892319,-2.808818850336247,BREAKEVEN,3,46889.87948093791,2023
NIFTY,2023-09-06,2023-09-12,19600,19611.05078125,19993.19921875,6.581549500794916,6.883140403829406,76.51651718629113,1,3825.825859314556,-187.90850444304894,-4.911580175181184,BREAKEVEN,4,46701.970976494864,2023
NIFTY,2023-09-27,2023-09-28,19700,19716.44921875,19523.55078125,8.331785128447908,9.166314576779081,97.38519617367827,1,4869.259808683913,630.5175829867096,12.948941066201373,QUICK_PROFIT,1,47332.48855948157,2023
NIFTY,2023-10-09,2023-10-16,19500,19512.349609375,19731.75,9.319368207651817,9.29969297371116,107.8008579985085,1,5390.042899925425,-223.93512505005688,-4.154607471735618,BREAKEVEN,5,47108.55343443152,2023
NIFTY,2023-10-18,2023-10-23,19650,19671.099609375,19281.75,9.503589888784955,9.49929088927783,110.8262152038079,1,5541.310760190395,-2477.0996368875662,-44.70241327527451,STOP_LOSS,3,44631.45379754395,2023
NIFTY,2023-10-30,2023-11-02,19150,19140.900390625,19133.25,11.310604312009978,11.364428603478647,128.34363938672539,1,6417.1819693362695,858.0592345338459,13.371277901016033,QUICK_PROFIT,3,45489.5130320778,2023
NIFTY,2023-11-08,2023-11-13,19450,19443.5,19443.55078125,10.923717354751357,10.688063538647546,125.91314642122606,1,6295.657321061303,657.5575680606291,10.44462134018724,QUICK_PROFIT,3,46147.070600138424,2023
NIFTY,2023-11-20,2023-11-22,19700,19694.0,19811.849609375,11.334477210466268,10.030201053625717,132.33100318562083,1,6616.5501592810415,-260.44281432862704,-3.9362327505868544,BREAKEVEN,2,45886.6277858098,2023
NIFTY,2023-12-20,2023-12-28,21150,21150.150390625,21778.69921875,11.637041455613149,11.406622628400678,145.90904634332327,1,7295.452317166163,-301.5710063413252,-4.133684838590886,BREAKEVEN,5,45585.05677946847,2023
NIFTY,2024-01-01,2024-01-03,21750,21741.900390625,21517.349609375,11.60432305735435,10.183052013286186,149.5696544033915,1,7478.482720169575,-3974.2470606420325,-53.14242486545341,STOP_LOSS,2,41610.80971882644,2024
NIFTY,2024-01-10,2024-01-17,21600,21618.69921875,21571.94921875,10.74413154637221,12.956207131537711,137.6978165844004,1,6884.89082922002,3606.5528957170386,52.383588718800645,QUICK_PROFIT,5,45217.362614543476,2024
NIFTY,2024-02-21,2024-02-28,22050,22055.05078125,21951.150390625,11.585856207486273,9.274750529215837,151.48246859797473,1,7574.1234298987365,68.23681813885543,0.9009203344837454,TIME_STOP,5,45285.59943268233,2024
NIFTY,2024-03-13,2024-03-15,22000,21997.69921875,22023.349609375,11.032376940867358,11.342334134337237,143.87075710561277,1,7193.537855280639,796.3810640663922,11.07078436352127,QUICK_PROFIT,2,46081.98049674872,2024
NIFTY,2024-04-16,2024-04-19,22150,22147.900390625,22147.0,9.894564936632786,10.290010192486438,129.91384672660118,1,6495.692336330059,793.6319700547955,12.217819578923935,QUICK_PROFIT,2,46875.61246680352,2024
NIFTY,2024-05-08,2024-05-09,22300,22302.5,21957.5,10.314361842237837,11.228807157078153,136.3710199502027,1,6818.550997510136,-3029.9570030921395,-44.43696328147373,STOP_LOSS,1,43845.65546371138,2024
NIFTY,2024-05-29,2024-05-31,22700,22704.69921875,22530.69921875,10.569261982208108,11.100725557188595,142.2612412230317,1,7113.062061151585,886.8018237312767,12.467230232315814,QUICK_PROFIT,2,44732.45728744266,2024
NIFTY,2024-07-09,2024-07-10,24450,24433.19921875,24324.44921875,5.030973562616437,5.55513720779937,72.87164089090474,1,3643.5820445452373,509.1064328538813,13.97269024354916,QUICK_PROFIT,1,45241.56372029654,2024
NIFTY,2024-07-30,2024-08-02,24850,24857.30078125,24717.69921875,9.012149390455374,9.98632401999866,132.80319617778258,1,6640.159808889129,1618.7883906958832,24.37875649511965,QUICK_PROFIT,3,46860.35211099242,2024
NIFTY,2024-09-09,2024-09-16,24950,24936.400390625,25383.75,8.976682020682642,9.181597446040628,132.70148465557546,1,6635.074232778773,-73.57206335974666,-1.1088355725740635,BREAKEVEN,5,46786.780047632674,2024
NIFTY,2024-09-18,2024-09-23,25400,25377.55078125,25939.05078125,9.134330641881705,10.199367585363687,137.42084388730873,1,6871.042194365436,-232.0886050854611,-3.37777877824392,BREAKEVEN,3,46554.69144254721,2024
NIFTY,2024-10-09,2024-10-15,25000,24981.94921875,25057.349609375,14.587384933232586,12.962799428476762,216.0378975792105,1,10801.894878960524,646.8157123946781,5.987983771759513,DELAYED_PROFIT,4,47201.50715494189,2024
NIFTY,2024-10-29,2024-10-31,24450,24466.849609375,24205.349609375,11.70081651093514,9.582949173075948,169.71506667109819,1,8485.753333554909,-4776.067676863522,-56.283366828230676,STOP_LOSS,2,42425.43947807837,2024
NIFTY,2024-11-19,2024-11-25,23500,23518.5,24221.900390625,11.962035452439709,15.642422123189872,166.77881434517383,1,8338.94071725869,1168.9575132606649,14.018057603423555,QUICK_PROFIT,3,43594.39699133903,2024
NIFTY,2024-12-10,2024-12-16,24600,24610.05078125,24668.25,14.591605439605374,13.24540968682449,212.88338403462123,1,10644.169201731062,872.4864134104209,8.196848404744717,DELAYED_PROFIT,4,44466.88340474945,2024
NIFTY,2024-12-31,2025-01-02,23650,23644.80078125,24188.650390625,10.903470647477825,12.813065127207446,152.8363282668765,1,7641.816413343825,-206.790327159392,-2.7060363135432466,BREAKEVEN,2,44260.09307759006,2025
NIFTY,2025-01-20,2025-01-21,23350,23344.75,23024.650390625,12.536680571260714,13.038508142887858,173.49939529355487,1,8674.969764677744,-4061.9799168747554,-46.824139185062045,STOP_LOSS,1,40198.11316071531,2025
NIFTY,2025-01-29,2025-02-03,23150,23163.099609375,23361.05078125,14.224094641952911,11.643648317840508,195.32034635484302,1,9766.017317742151,-178.54558662100004,-1.8282333607644963,BREAKEVEN,4,40019.567574094304,2025
NIFTY,2025-02-17,2025-02-20,22950,22959.5,22913.150390625,11.56191733734013,11.202759924925124,157.3687385900322,1,7868.4369295016095,720.1334842510107,9.152179660371559,DELAYED_PROFIT,3,40739.701058345316,2025
NIFTY,2025-03-10,2025-03-12,22450,22460.30078125,22470.5,10.750741294724296,9.777987982344753,143.14630979286736,1,7157.315489643368,-129.52513807499457,-1.8096888178593968,BREAKEVEN,2,40610.17592027032,2025
NIFTY,2025-04-01,2025-04-04,23150,23165.69921875,22904.44921875,11.959795465866538,13.146906189827904,164.24620486091337,1,8212.310243045667,-3174.701117806607,-38.65783225244079,STOP_LOSS,3,37435.47480246371,2025
NIFTY,2025-06-24,2025-07-01,25050,25044.349609375,25541.80078125,9.593227316066733,10.164044821747304,142.42973649255092,1,7121.4868246275455,187.3342784097801,2.630550094706911,TIME_STOP,5,37622.809080873485,2025
NIFTY,2025-07-14,2025-07-17,25100,25082.30078125,25111.44921875,8.848415182643688,8.942781723386382,131.5706564207214,1,6578.53282103607,935.1949061203811,14.215858331358067,QUICK_PROFIT,3,38558.00398699386,2025
NIFTY,2025-07-23,2025-07-25,25200,25219.900390625,24837.0,7.640327075786914,6.84178086773527,114.23034681112749,1,5711.517340556375,-2993.858956623648,-52.417926412738645,STOP_LOSS,2,35564.145030370215,2025
NIFTY,2025-08-12,2025-08-14,24500,24487.400390625,24631.30078125,8.888590706226687,9.143685269424937,129.03328939586154,1,6451.664469793077,752.1941122496926,11.658915552281,QUICK_PROFIT,2,36316.33914261991,2025
NIFTY,2025-09-03,2025-09-08,24700,24715.05078125,24773.150390625,9.889828664854384,9.75903852698887,144.90269156969842,1,7245.134578484921,843.9489033146074,11.648491745354042,QUICK_PROFIT,3,37160.28804593452,2025
NIFTY,2025-09-23,2025-09-25,25150,25169.5,24890.849609375,7.765739711431223,6.629993507155482,115.87335877500604,1,5793.667938750302,-3154.4248660327953,-54.446076291925124,STOP_LOSS,2,34005.863179901724,2025
NIFTY,2025-10-14,2025-10-17,25150,25145.5,25709.849609375,7.987232491904428,8.793827775164743,119.06463347084751,1,5953.231673542376,-279.7481066832511,-4.699096591965677,BREAKEVEN,3,33726.115073218476,2025
NIFTY,2025-11-04,2025-11-10,25600,25597.650390625,25574.349609375,7.835033293051853,7.791801585743986,118.89596801612848,1,5944.798400806424,722.5558168858256,12.15442085955025,QUICK_PROFIT,3,34448.6708901043,2025
NIFTY,2025-11-25,2025-12-02,25900,25884.80078125,26032.19921875,7.117052730819619,7.769899210929069,109.21220813039213,1,5460.610406519607,2132.0544115993416,39.04425060344554,QUICK_PROFIT,5,36580.72530170364,2025
NIFTY,2025-12-15,2025-12-18,26050,26027.30078125,25815.55078125,8.287420885567288,7.952544354065813,127.87177807794214,1,6393.588903897107,475.4905697226562,7.436990035953496,DELAYED_PROFIT,3,37056.2158714263,2025
NIFTY,2025-12-24,2025-12-29,26150,26142.099609375,25942.099609375,7.138960303264054,7.362497625493527,110.63731048022562,1,5531.865524011281,577.3697740447261,10.437162138859483,QUICK_PROFIT,2,37633.58564547102,2025
NIFTY,2026-01-05,2026-01-07,26250,26250.30078125,26140.75,7.750093912032957,6.907344143485323,120.60558700459555,1,6030.279350229777,-254.83105595199405,-4.225858225660541,BREAKEVEN,2,37378.75458951903,2026
NIFTY,2026-01-14,2026-01-20,25650,25665.599609375,25232.5,7.608843191477669,8.708417020369023,115.77005149548519,1,5788.502574774259,-2112.4598524413086,-36.494064313752,STOP_LOSS,3,35266.29473707772,2026
NIFTY,2026-01-27,2026-01-29,25200,25175.400390625,25418.900390625,9.138536185852821,9.665920990902508,136.38895436089086,1,6819.447718044543,1039.3581768401248,15.241090185205755,QUICK_PROFIT,2,36305.652913917846,2026
NIFTY,2026-02-16,2026-02-19,25700,25682.75,25454.349609375,14.201257570125122,14.15923503914497,216.2193245497929,1,10810.966227489645,1248.0767110848346,11.544543612681728,QUICK_PROFIT,3,37553.72962500268,2026
NIFTY,2026-02-25,2026-02-27,25500,25482.5,25178.650390625,14.159730169134685,14.76768157789694,213.90610904624324,1,10695.305452312163,-4748.66975550274,-44.39957116396475,STOP_LOSS,2,32805.059869499935,2026
NIFTY,2026-05-13,2026-05-19,23400,23412.599609375,23618.0,14.667282705752156,13.755613828951777,203.57548525380966,1,10178.774262690484,1272.2869613544888,12.499412291890184,QUICK_PROFIT,4,34077.346830854425,2026
NIFTY,2026-06-03,2026-06-05,23400,23405.599609375,23366.69921875,13.516506261538256,12.52550451309458,187.54711982533374,1,9377.355991266686,-15.775879548085925,-0.1682337704015749,BREAKEVEN,2,34061.57095130634,2026
NIFTY,2026-06-23,2026-06-29,23800,23824.099609375,23946.25,12.687319525936477,11.76360828936216,179.18949744362612,1,8959.474872181307,465.69340374540076,5.197775655260266,DELAYED_PROFIT,3,34527.26435505174,2026
NIFTY,2026-07-14,2026-07-20,24050,24052.05078125,24238.5,12.075966100395647,12.254191327976196,172.1869268697627,1,8609.346343488134,1859.8426555443766,21.602600027249558,QUICK_PROFIT,4,36387.10701059611,2026
NIFTY,2026-08-03,2026-08-10,24750,24774.30078125,24583.80078125,13.291912281639293,10.392322781897088,195.2158383699523,1,9760.791918497616,-170.54831494426708,-1.7472794868320267,BREAKEVEN,5,36216.558695651845,2026
NIFTY,2026-08-12,2026-08-18,24450,24435.94921875,24154.900390625,10.260498562192922,9.7147897548159,148.63594733134548,1,7431.7973665672735,-3296.2661375511984,-44.35355237724591,STOP_LOSS,4,32920.29255810065,2026
BANKNIFTY,2022-11-14,2022-11-17,42100,42076.26171875,42457.55859375,12.939978443632036,10.995052619969487,322.77276182779093,1,4841.591427416864,-155.7819080536916,-3.2175765012209214,BREAKEVEN,3,32764.51065004696,2022
BANKNIFTY,2022-11-23,2022-11-29,42700,42728.60546875,43052.94921875,8.461393831637597,7.548212183435404,214.33189621404884,1,3214.9784432107326,221.32023313346536,6.8840347468220475,DELAYED_PROFIT,4,32985.830883180424,2022
BANKNIFTY,2022-12-13,2022-12-15,43900,43946.0390625,43497.6953125,6.532700243867481,8.16681502203378,170.19180563127503,1,2552.8770844691253,855.8857223172596,33.52631928596133,QUICK_PROFIT,2,33841.716605497684,2022
BANKNIFTY,2023-05-09,2023-05-16,43200,43198.1484375,43903.69921875,13.471771758802426,12.300133666886955,344.9975623071308,1,5174.963434606962,-613.9489947515136,-11.86383251803871,TIME_STOP,5,33227.767610746174,2023
BANKNIFTY,2023-05-29,2023-05-31,44300,44311.8984375,44128.1484375,12.318947045801847,12.64270756416541,323.60865079402805,1,4854.129761910421,499.3185596230825,10.286469132761042,QUICK_PROFIT,2,33727.08617036926,2023
BANKNIFTY,2023-06-07,2023-06-12,44300,44275.30078125,43944.19921875,7.655578521939802,7.2946431195339585,200.93968320046866,1,3014.09524800703,203.54810598229477,6.753207487947972,DELAYED_PROFIT,3,33930.63427635155,2023
BANKNIFTY,2023-06-27,2023-07-05,44100,44121.5,45151.80078125,9.452541844769458,9.862130280334611,247.2435979868173,1,3708.6539698022593,52.285234002038976,1.4098169963488603,TIME_STOP,5,33982.91951035359,2023
BANKNIFTY,2023-07-18,2023-07-24,45400,45410.8515625,45923.05078125,9.007872590647317,9.688299841057125,242.49794270259238,1,3637.4691405388858,-109.02323011857774,-2.997227630154578,BREAKEVEN,4,33873.896280235014,2023
BANKNIFTY,2023-08-07,2023-08-10,44800,44837.5,44541.80078125,10.859464427956341,11.194326321431546,288.6529327838194,1,4329.79399175729,675.1363157354863,15.592804577325289,QUICK_PROFIT,3,34549.0325959705,2023
BANKNIFTY,2023-08-28,2023-08-31,44500,44494.6484375,43989.1484375,9.64616597888514,8.734579479642491,254.44193387682293,1,3816.629008152344,-1888.2612539592405,-49.47458214895665,STOP_LOSS,3,32660.77134201126,2023
BANKNIFTY,2023-09-06,2023-09-12,44400,44409.1015625,45511.3515625,8.332970617881195,8.845251655109339,219.3804966048115,1,3290.7074490721725,-98.17670672707138,-2.9834528971802907,BREAKEVEN,4,32562.59463528419,2023
BANKNIFTY,2023-09-27,2023-10-03,44600,44588.30078125,44399.05078125,11.684626793649059,11.290837958855663,308.8601978968115,1,4632.902968452172,398.9988716592899,8.612286386662513,DELAYED_PROFIT,3,32961.59350694348,2023
BANKNIFTY,2023-10-09,2023-10-13,43900,43886.5,44287.94921875,11.858594868614473,11.525924166469002,308.52499694137464,1,4627.87495412062,769.7813375345061,16.633581182851525,QUICK_PROFIT,4,33731.374844477985,2023
BANKNIFTY,2023-10-18,2023-10-23,43900,43888.69921875,43151.19921875,11.838752748571979,10.559536189549416,308.0241993983048,1,4620.362990974572,-2333.5006774993926,-50.50470454502511,STOP_LOSS,3,31397.874166978592,2023
BANKNIFTY,2023-10-30,2023-11-02,43000,43039.1484375,43017.19921875,12.553805182644648,12.285257176590148,320.30611675496596,1,4804.591751324489,500.08205618002137,10.40841932183235,QUICK_PROFIT,3,31897.956223158613,2023
BANKNIFTY,2023-11-08,2023-11-13,43700,43658.6484375,43891.25,11.415354647132304,11.159235066363788,295.45127812183244,1,4431.769171827486,484.60214262085884,10.934733372429415,QUICK_PROFIT,3,32382.55836577947,2023
BANKNIFTY,2023-11-20,2023-11-22,43600,43584.94921875,43449.6015625,11.503989341044784,10.679466583836636,297.24269662677625,1,4458.640449401644,-6.045634322463229,-0.13559367235531544,BREAKEVEN,2,32376.512731457005,2023
BANKNIFTY,2024-01-10,2024-01-17,47400,47360.8515625,46064.44921875,12.301048318775356,19.063616694889536,345.37254003804964,1,5180.588100570744,-235.99654570598972,-4.555400682791014,BREAKEVEN,5,32140.516185751017,2024
BANKNIFTY,2024-02-21,2024-02-26,47000,47019.69921875,46576.5,14.620915427622691,14.212594096759778,407.5497108274994,1,6113.245662412491,531.4103654608389,8.69276968089528,DELAYED_PROFIT,3,32671.926551211858,2024
BANKNIFTY,2024-03-13,2024-03-18,47000,46981.30078125,46575.8984375,13.403478824876885,13.145195387734882,373.30924662292654,1,5599.638699343898,545.9089087023921,9.749002355569038,DELAYED_PROFIT,3,33217.83545991425,2024
BANKNIFTY,2024-04-16,2024-04-19,47500,47484.80078125,47574.1484375,10.819663404780801,11.769159829941918,304.5752071232465,1,4568.628106848698,804.0930441100638,17.600317322932707,QUICK_PROFIT,2,34021.92850402431,2024
BANKNIFTY,2024-05-08,2024-05-09,48000,48021.1015625,47487.8984375,14.736199906335578,15.179528426613478,419.51143204731443,1,6292.671480709716,-2969.719719925507,-47.1933061979992,STOP_LOSS,1,31052.208784098806,2024
BANKNIFTY,2024-05-29,2024-05-31,48500,48501.3515625,48983.94921875,12.360584261346602,12.659795819721136,355.40130504172,1,5331.0195756258,619.5469430028036,11.621546952021387,QUICK_PROFIT,2,31671.75572710161,2024
BANKNIFTY,2024-07-09,2024-07-11,52600,52568.80078125,52270.6484375,12.992733623724225,13.387534694460609,404.90653130609167,1,6073.597969591375,641.252003483721,10.55802518859943,QUICK_PROFIT,2,32313.00773058533,2024
BANKNIFTY,2024-07-30,2024-08-05,51500,51499.30078125,50092.1015625,10.880535540658839,11.330497586032976,332.18329000213254,1,4982.749350031988,-1981.9833015502602,-39.7769015119642,STOP_LOSS,4,30331.02442903507,2024
BANKNIFTY,2024-08-20,2024-08-23,50800,50803.1484375,50933.44921875,14.56576169996595,13.812583673003894,438.6821930590545,1,6580.232895885818,481.48411957172215,7.317128849235141,DELAYED_PROFIT,3,30812.508548606795,2024
BANKNIFTY,2024-09-09,2024-09-11,51100,51117.80078125,51010.0,12.17304465453565,10.995812763698423,368.89057039326957,1,5533.3585558990435,-151.15056843090088,-2.7316243273221676,BREAKEVEN,2,30661.357980175893,2024
BANKNIFTY,2024-09-18,2024-09-24,52800,52750.3984375,53968.6015625,10.806016364958259,11.748924645125127,337.9228372219477,1,5068.8425583292155,-40.27320147438445,-0.7945246081515549,BREAKEVEN,4,30621.08477870151,2024
BANKNIFTY,2025-02-18,2025-02-20,49100,49087.30078125,49334.55078125,12.048807117732023,12.562242526825026,350.6221766084046,1,5259.332649126069,687.6431136335759,13.074721823268586,QUICK_PROFIT,2,31308.727892335082,2025
BANKNIFTY,2025-03-11,2025-03-17,47900,47853.94921875,48354.1484375,8.554433029414454,8.44592105221885,242.68067415646365,1,3640.2101123469547,459.1215548013049,12.612501493912262,QUICK_PROFIT,3,31767.84944713639,2025
BANKNIFTY,2025-06-16,2025-06-19,55900,55944.8984375,55577.44921875,9.80180677929586,9.275304571000891,325.08191133647586,1,4876.228670047138,298.16051399582904,6.114572022171937,DELAYED_PROFIT,3,32066.00996113222,2025
BANKNIFTY,2025-06-25,2025-07-02,56600,56621.1484375,56999.19921875,10.005711298160632,10.879118591053146,335.8557741406315,1,5037.836612109473,1945.3187386638388,38.61416890710323,QUICK_PROFIT,5,34011.32869979606,2025
BANKNIFTY,2025-07-15,2025-07-18,57000,57006.6484375,56283.0,8.386742214372731,8.311136893937505,283.4294541323399,1,4251.441811985099,-1903.755981585611,-44.779067097162084,STOP_LOSS,3,32107.57271821045,2025
BANKNIFTY,2025-08-04,2025-08-07,55600,55619.3515625,55521.1484375,9.069269338106126,8.862032754070993,299.0366361623883,1,4485.549542435824,453.2806243234194,10.105353202213674,QUICK_PROFIT,3,32560.85334253387,2025
BANKNIFTY,2025-08-13,2025-08-20,55200,55181.44921875,55698.5,10.11980927558494,8.981779318407789,331.0484869814162,1,4965.727304721243,324.2009000489264,6.528769707927524,DELAYED_PROFIT,4,32885.054242582795,2025
BANKNIFTY,2025-08-25,2025-08-26,55100,55139.30078125,54450.44921875,8.581563131823538,9.19268148684767,280.5135433001978,1,4207.703149502967,-1900.2840338040237,-45.16202703198048,STOP_LOSS,1,30984.770208778773,2025
BANKNIFTY,2025-09-15,2025-09-22,54900,54887.8515625,55284.75,9.436836215249624,8.941197759607144,307.06394628560315,1,4605.959194284047,960.6443154520732,20.856552890095596,QUICK_PROFIT,5,31945.414524230848,2025
BANKNIFTY,2025-09-24,2025-09-26,55100,55121.5,54389.3515625,8.181607334433235,7.983710869660874,267.3534774269857,1,4010.3021614047857,-1926.931697506737,-48.04953891134588,STOP_LOSS,2,30018.48282672411,2025
BANKNIFTY,2025-10-06,2025-10-08,56100,56104.8515625,56018.25,8.702494837238877,8.935373377417923,289.4478777636971,1,4341.718166455456,461.36447416044547,10.626310978105236,QUICK_PROFIT,2,30479.847300884554,2025
BANKNIFTY,2025-10-15,2025-10-23,56800,56799.8984375,58078.05078125,9.206696791087412,9.293225152091491,310.0113378942119,1,4650.170068413179,-91.59623686249006,-1.969739504468195,BREAKEVEN,5,30388.251064022064,2025
BANKNIFTY,2025-11-17,2025-11-20,59000,58962.69921875,59347.69921875,7.072391170749547,6.954188177941132,247.21214766899223,1,3708.1822150348835,434.5095962566576,11.717590211584845,QUICK_PROFIT,3,30822.760660278724,2025
BANKNIFTY,2025-11-26,2025-12-02,59500,59528.05078125,59273.80078125,7.959864832722589,7.698663634964353,280.90116001457983,1,4213.517400218698,611.7570423649653,14.518915771730592,QUICK_PROFIT,4,31434.51770264369,2025
BANKNIFTY,2025-12-16,2025-12-22,59000,59034.6015625,59304.0,8.588332222360341,7.976924772129401,300.56724458392966,1,4508.508668758945,493.7181643340398,10.950808806361803,QUICK_PROFIT,4,31928.23586697773,2025
BANKNIFTY,2026-01-06,2026-01-08,60100,60118.3984375,59686.5,5.841577573535223,5.998456384470345,208.19185192230967,1,3122.877778834645,312.64976612576845,10.011591495663305,QUICK_PROFIT,2,32240.8856331035,2026
BANKNIFTY,2026-01-28,2026-02-02,59600,59598.80078125,58619.0,10.768857164426866,12.30909788559183,380.4812988075942,1,5707.219482113913,-2085.8992116785303,-36.54843165249934,STOP_LOSS,3,30154.98642142497,2026
SENSEX,2021-10-27,2021-10-28,61100,61143.328125,59984.69921875,9.872983170999984,12.086953435909875,357.86864484659964,1,3578.6864484659964,-1350.513578865828,-37.737689465494405,STOP_LOSS,1,28804.47284255914,2021
SENSEX,2021-11-08,2021-11-11,60500,60545.609375,59919.69140625,12.48472596934095,12.57984977650954,448.1133130561353,1,4481.133130561353,562.994471955181,12.56366315286541,QUICK_PROFIT,3,29367.46731451432,2021
SENSEX,2021-11-17,2021-11-22,60000,60008.328125,58465.890625,12.56235314335109,14.032559234100308,446.89830003250955,1,4468.983000325095,-1844.7885300900912,-41.279828765423645,STOP_LOSS,2,27522.678784424228,2021
SENSEX,2022-08-22,2022-08-25,58800,58773.87109375,58774.71875,13.053053610121692,12.24446954258803,454.8022404874683,1,4548.022404874683,267.81234735349585,5.888545031494303,DELAYED_PROFIT,3,27790.491131777722,2022
SENSEX,2022-11-14,2022-11-17,61600,61624.1484375,61750.6015625,10.600422740537919,9.940850169432043,387.2579068337815,1,3872.5790683378145,235.18755972995166,6.0731506208057535,DELAYED_PROFIT,3,28025.678691507674,2022
SENSEX,2022-11-23,2022-11-30,61500,61510.578125,63099.6484375,10.424740698604365,10.08418874029025,380.1379670740284,1,3801.379670740284,-218.54186779563577,-5.749014482236045,TIME_STOP,5,27807.136823712037,2022
SENSEX,2022-12-13,2022-12-15,62500,62533.30078125,61799.03125,8.031007138162725,9.47776671803565,297.7196795247423,1,2977.196795247423,-1103.7375747985438,-37.07304725574303,STOP_LOSS,2,26703.399248913494,2022
SENSEX,2023-01-02,2023-01-04,61200,61167.7890625,60657.44921875,11.645925833171253,12.120845483389681,422.3018467851627,1,4223.018467851627,480.2916561081395,11.373183891200881,QUICK_PROFIT,2,27183.690905021635,2023
SENSEX,2023-01-11,2023-01-17,60100,60105.5,60655.71875,13.421495425208047,12.839910702818894,478.2349366870302,1,4782.349366870302,707.8282606826906,14.800848001322672,QUICK_PROFIT,4,27891.519165704325,2023
SENSEX,2023-02-01,2023-02-07,59700,59708.078125,60286.0390625,11.932056491559395,11.531861597751917,422.35201538583584,1,4223.520153858359,677.300515016754,16.036398320439226,QUICK_PROFIT,4,28568.81968072108,2023
SENSEX,2023-02-21,2023-02-22,60700,60672.71875,59744.98046875,10.981671990320095,12.208423611410865,394.9918197533813,1,3949.9181975338133,-1708.346879233627,-43.250183770900804,STOP_LOSS,1,26860.472801487453,2023
SENSEX,2023-04-05,2023-04-11,59700,59689.30859375,60157.71875,12.790563832362748,12.24942551388153,452.5977758257096,1,4525.977758257096,405.1711988981498,8.952125276333147,DELAYED_PROFIT,3,27265.644000385604,2023
SENSEX,2023-04-18,2023-04-21,59700,59727.01171875,59655.05859375,9.889386740957477,9.47098640964615,350.1598319888494,1,3501.598319888494,279.20017612404024,7.973506685168022,DELAYED_PROFIT,3,27544.844176509643,2023
SENSEX,2023-05-09,2023-05-12,61800,61761.328125,62027.8984375,8.897608972577737,8.786312366913299,325.7737746405282,1,3257.737746405282,389.25372454627734,11.948589937167148,QUICK_PROFIT,3,27934.09790105592,2023
SENSEX,2023-05-29,2023-06-01,62800,62846.37890625,62428.5390625,9.18346732503518,8.981330329392064,342.1473039961055,1,3421.4730399610553,330.5447002540029,9.660888640460115,DELAYED_PROFIT,3,28264.642601309923,2023
SENSEX,2023-06-07,2023-06-09,63100,63142.9609375,62625.62890625,7.050802782349795,7.453899675124055,263.9305653948309,1,2639.305653948309,346.9171053760266,13.144256515233494,QUICK_PROFIT,2,28611.55970668595,2023
SENSEX,2023-06-27,2023-07-04,63400,63416.03125,65479.05078125,6.9458640380124335,8.247094272437225,261.12684096481854,1,2611.2684096481853,243.8047180686243,9.336639510814287,DELAYED_PROFIT,4,28855.36442475457,2023
SENSEX,2023-08-07,2023-08-10,66000,65953.4765625,65688.1796875,10.112087180099005,10.101228552242796,395.3708769598084,1,3953.708769598084,486.49055327507654,12.304663333220947,QUICK_PROFIT,3,29341.85497802965,2023
SENSEX,2023-08-28,2023-08-31,65000,64996.6015625,64831.41015625,7.600748864852086,6.53497403763008,292.8688693156415,1,2928.688693156415,-93.5756752207783,-3.1951390203895804,BREAKEVEN,3,29248.27930280887,2023
SENSEX,2023-09-06,2023-09-12,65900,65880.5234375,67221.1328125,6.19985536827762,6.481314153929096,242.13901814280553,1,2421.3901814280553,-117.91890102499565,-4.869884330473787,BREAKEVEN,4,29130.360401783873,2023
SENSEX,2023-09-27,2023-09-28,66100,66118.6875,65508.3203125,8.15748115542462,8.903480363427525,319.7470017485075,1,3197.470017485075,387.4363099292833,12.116964594214268,QUICK_PROFIT,1,29517.796711713156,2023
SENSEX,2023-10-09,2023-10-16,65500,65512.390625,66166.9296875,9.202419635152953,9.203932491135571,357.3976221715707,1,3573.9762217157067,-144.92754559161085,-4.0550786183473155,BREAKEVEN,5,29372.869166121545,2023
SENSEX,2023-10-18,2023-10-23,65900,65877.0234375,64571.87890625,9.465237490025757,9.267421235869014,369.65080884061285,1,3696.5080884061285,-1694.2808137241063,-45.834630229489136,STOP_LOSS,3,27678.58835239744,2023
SENSEX,2023-10-30,2023-11-02,64100,64112.6484375,64080.8984375,11.204133622003503,11.403837726584056,425.8416882021101,1,4258.416882021101,631.7160201312026,14.834527422580146,QUICK_PROFIT,3,28310.304372528644,2023
SENSEX,2023-11-08,2023-11-13,65000,64975.609375,64933.87109375,10.859842472039485,10.609567878242688,418.3117507914958,1,4183.117507914958,426.9791558641663,10.207199655669982,QUICK_PROFIT,3,28737.28352839281,2023
SENSEX,2023-11-20,2023-11-22,65700,65655.1484375,66023.2421875,11.119811136431675,10.003191775806771,432.805106581438,1,4328.05106581438,-103.09691832741521,-2.382063352757973,BREAKEVEN,2,28634.186610065397,2023
SENSEX,2023-12-20,2023-12-28,70500,70506.3125,72410.3828125,11.777829935581911,11.490267738479288,492.28823662750153,1,4922.882366275016,-238.09121561082407,-4.836418949229939,BREAKEVEN,5,28396.095394454573,2023
SENSEX,2024-01-02,2024-01-04,71900,71892.4765625,71847.5703125,11.979439343357198,10.696354770585899,510.55921021036505,1,5105.59210210365,-189.3366307896349,-3.7084167125615615,BREAKEVEN,2,28206.758763664937,2024
SENSEX,2024-01-23,2024-01-25,70400,70370.546875,70700.671875,14.286332519792456,14.735247275458569,595.9884701138961,1,5959.884701138962,704.6146029266811,11.822621380444255,QUICK_PROFIT,2,28911.37336659162,2024
SENSEX,2024-03-04,2024-03-11,73900,73872.2890625,73502.640625,10.576706392847898,10.384709937259624,463.1889422216916,1,4631.8894222169165,748.9490000677836,16.169405868703173,QUICK_PROFIT,4,29660.322366659402,2024
SENSEX,2024-03-26,2024-04-03,72500,72470.296875,73876.8203125,11.377910456997178,9.494138760414787,488.8197332142162,1,4888.197332142162,-938.8710760315092,-19.206898008351605,TIME_STOP,5,28721.451290627894,2024
SENSEX,2024-04-29,2024-05-03,74700,74671.28125,73878.1484375,10.888021879794035,11.042587356517307,481.97972087485596,1,4819.79720874856,-2090.2042330977747,-43.367057628561255,STOP_LOSS,3,26631.24705753012,2024
SENSEX,2024-05-21,2024-05-24,74000,73953.3125,75410.390625,10.347744277582823,11.530442918396828,453.65896410363365,1,4536.589641036337,-172.6424600107174,-3.805556016110794,BREAKEVEN,3,26458.604597519403,2024
SENSEX,2024-07-10,2024-07-12,79900,79924.7734375,80519.34375,6.218122477297833,6.599256235009135,294.62314661893316,1,2946.2314661893315,453.0081205572111,15.375849649149723,QUICK_PROFIT,2,26911.612718076613,2024
SENSEX,2024-07-22,2024-07-29,80500,80502.078125,81355.84375,7.836961012185818,8.725524095139562,374.0080548471508,1,3740.080548471508,256.9688760672841,6.870677589345017,DELAYED_PROFIT,5,27168.581594143896,2024
SENSEX,2024-07-31,2024-08-02,81700,81741.34375,80981.953125,8.598616281978858,9.381572430931563,416.6741126671436,1,4166.741126671436,693.4174605552107,16.641721659083274,QUICK_PROFIT,2,27861.999054699107,2024
SENSEX,2024-09-10,2024-09-17,81900,81921.2890625,83079.65625,9.229053592207292,8.902155125662874,448.2085357401086,1,4482.085357401085,-317.71744400278067,-7.088607616054138,TIME_STOP,5,27544.281610696326,2024
SENSEX,2024-09-30,2024-10-03,84300,84299.78125,82497.1015625,12.180501338915029,14.458555430775164,608.7203056878664,1,6087.203056878663,-2271.9780431302293,-37.32384186794702,STOP_LOSS,2,25272.303567566098,2024
SENSEX,2024-10-21,2024-10-22,81200,81151.2734375,80220.71875,11.641008156689464,11.829248969331811,560.0310551739957,1,5600.310551739957,-2683.9899312701664,-47.92573387624512,STOP_LOSS,1,22588.31363629593,2024
SENSEX,2024-10-30,2024-11-04,79900,79942.1796875,78782.2421875,11.257436486846805,9.35176210502515,533.5088997706453,1,5335.088997706453,-2869.99869507781,-53.794766990984,STOP_LOSS,3,19718.31494121812,2024
SENSEX,2024-12-11,2024-12-13,81500,81526.140625,82133.1171875,14.572971040807516,13.277568310149418,704.3218526414726,1,7043.218526414726,-66.94647882635991,-0.950509750269502,BREAKEVEN,2,19651.368462391758,2024
SENSEX,2025-01-01,2025-01-03,78500,78507.40625,79223.109375,10.833006501380348,12.577180367930977,504.18022843987876,1,5041.802284398787,1332.3396623565816,26.425860975931887,QUICK_PROFIT,2,20983.70812474834,2025
SENSEX,2025-01-21,2025-01-23,75800,75838.359375,76520.3828125,13.013073496070385,13.445803059792496,585.0527021696532,1,5850.527021696533,731.3602167735064,12.500757864398803,QUICK_PROFIT,2,21715.06834152185,2025
SENSEX,2025-02-10,2025-02-11,77300,77311.796875,76293.6015625,12.523945839387697,13.429758436505981,574.0016300453402,1,5740.016300453402,-2591.196082029764,-45.142660689397104,STOP_LOSS,1,19123.872259492084,2025
SENSEX,2025-02-19,2025-02-24,75900,75939.1796875,74454.40625,11.314073500142472,11.458978173866226,509.3438596004308,1,5093.438596004308,-2238.824916253666,-43.9550781668395,STOP_LOSS,3,16885.047343238417,2025
SENSEX,2025-03-12,2025-03-17,74000,74029.7578125,74169.953125,9.513878164433724,9.767531669101505,417.53231339724266,1,4175.323133972426,459.1395570675206,10.996503559969803,QUICK_PROFIT,2,17344.186900305936,2025
SENSEX,2025-06-17,2025-06-20,81600,81583.296875,82408.171875,9.76626389990149,9.68893699967024,472.3412610902533,1,4723.412610902533,619.6154303530875,13.117961130960643,QUICK_PROFIT,3,17963.802330659026,2025
SENSEX,2025-07-07,2025-07-10,83400,83442.5,83190.28125,9.741312893552587,9.183595298678691,481.8712085376562,1,4818.712085376562,293.7061012179197,6.095116205619241,DELAYED_PROFIT,3,18257.508431876944,2025
SENSEX,2025-07-16,2025-07-18,82600,82634.4765625,81757.7265625,8.969265596235273,8.191817821800312,439.3841055896975,1,4393.841055896975,-2251.6132403756346,-51.24475855478987,STOP_LOSS,2,16005.89519150131,2025
SENSEX,2025-08-05,2025-08-08,80700,80710.25,79857.7890625,8.054055216026645,8.205924903584643,385.3625196195485,1,3853.625196195485,-1661.0430862947674,-43.10338971041197,STOP_LOSS,3,14344.852105206543,2025
SENSEX,2025-08-26,2025-08-29,80800,80786.5390625,79809.6484375,9.32864324355845,9.563356255932439,446.76965256936774,1,4467.696525693677,-2026.3900994301096,-45.35648488603379,STOP_LOSS,2,12318.462005776433,2025
SENSEX,2025-09-16,2025-09-19,82400,82380.6875,82626.2265625,8.128173592414345,8.34538109530774,396.95800096348677,1,3969.5800096348676,644.7126362896387,16.241331191834096,QUICK_PROFIT,3,12963.174642066071,2025
SENSEX,2025-10-07,2025-10-10,81900,81926.75,82500.8203125,7.932716631699364,8.04069724566608,385.2776759379742,1,3852.776759379742,586.3037158362471,15.21769239312573,QUICK_PROFIT,3,13549.478357902319,2025
SENSEX,2025-10-28,2025-10-30,84600,84628.15625,84404.4609375,6.8827690357655875,7.516635721778499,345.30610213349684,1,3453.0610213349682,605.5316035259654,17.536081748473247,QUICK_PROFIT,2,14155.009961428284,2025
SENSEX,2025-11-18,2025-11-21,84700,84673.0234375,85231.921875,6.746948679530668,7.309920241689509,338.67150046157565,1,3386.7150046157567,782.5160241276978,23.105458329419694,QUICK_PROFIT,3,14937.525985555982,2025
SENSEX,2025-12-08,2025-12-11,85100,85102.6875,84818.1328125,7.820515503703153,7.927453624526557,394.5525313858765,1,3945.525313858765,553.9664298604208,14.040371960473772,QUICK_PROFIT,3,15491.492415416402,2025
SENSEX,2025-12-17,2025-12-24,84600,84559.6484375,85408.703125,7.915034734374143,6.694513338015751,396.7730550276551,1,3967.730550276551,324.8565683832055,8.187465460842924,DELAYED_PROFIT,5,15816.348983799608,2025
SENSEX,2025-12-29,2025-12-31,84700,84695.5390625,85220.6015625,6.954410981224865,7.07887362167619,349.17815553301375,1,3491.7815553301375,367.40090457869485,10.521875402482278,QUICK_PROFIT,2,16183.749888378303,2025
SENSEX,2026-01-07,2026-01-08,85000,84961.140625,84180.9609375,6.809866928858457,7.497518072455938,342.9929057266071,1,3429.929057266071,449.3671632346627,13.10135445171115,QUICK_PROFIT,1,16633.117051612964,2026
SENSEX,2026-01-19,2026-01-20,83200,83246.1796875,82180.46875,7.460700017743806,8.247361137352637,368.1883713304504,1,3681.8837133045045,-1598.9513229570596,-43.427534584518284,STOP_LOSS,1,15034.165728655904,2026
SENSEX,2026-02-09,2026-02-12,84100,84065.75,83674.921875,12.813073210340711,12.692140889436718,638.555393063893,1,6385.55393063893,721.1993946923349,11.294233867979761,QUICK_PROFIT,3,15755.365123348238,2026
SENSEX,2026-02-18,2026-02-19,83700,83734.25,82498.140625,12.81440607491816,13.919187634549834,636.1035138066715,1,6361.035138066714,-2832.0518879511656,-44.521871464019306,STOP_LOSS,1,12923.313235397072,2026
SENSEX,2026-05-26,2026-05-29,76000,76009.703125,74775.7421875,13.6040245598327,13.944497567330853,613.0030301029976,1,6130.030301029976,-2794.8434856644662,-45.59265368060045,STOP_LOSS,2,10128.469749732605,2026
SENSEX,2026-06-16,2026-06-19,76800,76808.4765625,76802.8984375,13.341372280476504,13.739067011695083,607.4853820447951,1,6074.853820447951,986.3035936373888,16.235840775583636,QUICK_PROFIT,3,11114.773343369994,2026
SENSEX,2026-07-07,2026-07-08,78200,78180.71875,76503.6015625,11.79053873851982,14.612468464282186,546.4613943898368,1,5464.613943898367,-2029.0580765459235,-37.130858600020815,STOP_LOSS,1,9085.71526682407,2026
SENSEX,2026-07-27,2026-08-03,76800,76835.78125,78639.03125,12.767064374623708,12.98299142695614,581.5415334697157,1,5815.415334697156,-66.68194302975962,-1.1466411114595334,BREAKEVEN,5,9019.03332379431,2026
SENSEX,2026-08-05,2026-08-10,78600,78581.0,78542.4375,10.198144471770597,9.930481504993104,475.07796662222114,1,4750.779666222212,468.5619534363303,9.86284328797188,DELAYED_PROFIT,3,9487.595277230641,2026
