index,entry_date,exit_date,strike,entry_spot,exit_spot,entry_vix,exit_vix,weekly_premium,monthly_premium,net_debit,lots,total_cost,pnl,pnl_pct,exit_reason,days_held,capital_after,year
NIFTY,2021-10-27,2021-11-03,18200,18210.94921875,17829.19921875,10.303051281893568,13.410121200130993,103.93480938867143,215.16549712780358,111.23068773913215,1,5561.534386956608,-1074.0543586580166,-19.31219487156246,EXPIRY,5,48925.94564134198,2021
NIFTY,2021-11-08,2021-11-15,18050,18068.55078125,18109.44921875,12.998816016005618,13.023525568382215,130.10371467927848,269.3402779280231,139.23656324874463,1,6961.828162437231,1891.402766768263,27.168190921077134,EXPIRY,5,50817.34840811024,2021
NIFTY,2021-11-17,2021-11-25,17900,17898.650390625,17536.25,12.86569419419279,14.473790045675491,127.56046351956137,264.0752478257882,136.51478430622683,1,6825.7392153113415,-2061.901210376685,-30.20773494761528,EXPIRY,5,48755.447197733556,2021
NIFTY,2022-08-22,2022-08-29,17500,17490.69921875,17312.900390625,12.939757524270009,11.967691641014817,125.37065325391404,259.5419098883356,134.17125663442158,1,6708.562831721079,-2819.7395418613864,-42.03194652256068,EXPIRY,5,45935.70765587217,2022
NIFTY,2022-09-12,2022-09-19,17950,17936.349609375,17622.25,14.973601384694515,16.286012893022818,148.77258428132615,307.9885097607026,159.21592547937644,1,7960.796273968822,-2574.2037942237084,-32.33600893218625,EXPIRY,5,43361.50386164846,2022
NIFTY,2022-11-23,2022-11-30,18250,18267.25,18758.349609375,10.060130400054103,9.682880592161675,101.79802720047368,210.7419377401292,108.94391053965552,1,5447.195526982776,-333.575559617546,-6.12380367044241,EXPIRY,5,43027.928302030916,2022
NIFTY,2022-12-13,2022-12-19,18600,18608.0,18420.44921875,7.897929831867427,9.611404252748194,81.4095862412743,168.5338549962437,87.12426875496939,1,4356.21343774847,1884.1474238694602,43.25195380792203,TARGET,4,44912.07572590037,2022
NIFTY,2023-01-02,2023-01-09,18200,18197.44921875,18101.19921875,11.864322316611464,13.429202916916195,119.59582852857916,247.5868869257588,127.99105839717963,1,6399.552919858981,2725.2935927889503,42.585687264681674,TARGET,5,47637.36931868932,2023
NIFTY,2023-01-11,2023-01-18,17900,17895.69921875,18165.349609375,13.436373437469019,12.607713421150466,133.19665442841253,275.7432715220183,142.54661709360576,1,7127.330854680288,-679.5638374217149,-9.534618937683623,EXPIRY,5,46957.805481267606,2023
NIFTY,2023-02-01,2023-02-08,17600,17616.30078125,17871.69921875,11.806916795868656,11.17745347746809,115.21626665495091,238.5203324837596,123.30406582880869,1,6165.203291440434,-541.2984366927844,-8.779895992145228,EXPIRY,5,46416.50704457482,2023
NIFTY,2023-02-21,2023-02-28,17850,17826.69921875,17303.94921875,10.929713546053016,10.048487411803096,107.93002950965632,223.43638855025335,115.50635904059703,1,5775.317952029852,-2511.8157298103247,-43.49225013537993,EXPIRY,5,43904.691314764495,2023
NIFTY,2023-04-05,2023-04-13,17550,17557.05078125,17828.0,12.42097980189895,9.603086496237927,120.80085272282679,250.08152400963246,129.28067128680567,1,6464.033564340283,-1644.0815660122807,-25.434298099596504,EXPIRY,5,42260.60974875221,2023
NIFTY,2023-04-18,2023-04-25,17650,17660.150390625,17769.25,9.52714273497581,8.99583099885222,93.2008017993759,192.94399027452667,99.74318847515077,1,4987.159423757539,1013.2152486434115,20.316480035041913,EXPIRY,5,43273.824997395626,2023
NIFTY,2023-05-09,2023-05-16,18250,18265.94921875,18286.5,8.476491881717992,8.311538954566764,85.76714931316376,177.55486759196265,91.78771827879889,1,4589.385913939945,1115.9342247788593,24.31554560250176,EXPIRY,5,44389.759222174485,2023
NIFTY,2023-05-29,2023-06-05,18600,18598.650390625,18593.849609375,8.904758518582014,6.745479874344479,91.74156757430796,189.92308842932763,98.18152085501967,1,4909.076042750983,-200.92758538625333,-4.092981726835424,EXPIRY,5,44188.83163678823,2023
NIFTY,2023-06-07,2023-06-14,18750,18726.400390625,18755.900390625,7.043147435362107,6.739353194641624,73.06067218862223,151.24996085930997,78.18928867068773,1,3909.4644335343864,835.4033877210974,21.368742494629718,EXPIRY,5,45024.235024509326,2023
NIFTY,2023-06-27,2023-07-05,18800,18817.400390625,19398.5,7.056733935962216,8.126239109587393,73.55732855174678,152.2781372123714,78.72080866062463,1,3936.0404330312313,501.95645422536256,12.75282768980081,EXPIRY,5,45526.19147873469,2023
NIFTY,2023-08-07,2023-08-14,19600,19597.30078125,19434.55078125,9.548584665083045,8.97587256487332,103.65681027597664,214.58998428820834,110.9331740122317,1,5546.658700611585,1001.4995775034982,18.055907737627177,EXPIRY,5,46527.69105623819,2023
NIFTY,2023-08-28,2023-09-04,19300,19306.05078125,19528.80078125,7.5313703844634485,6.681377703429566,80.54341314918759,166.74070633840938,86.1972931892218,1,4309.86465946109,-636.4424649937291,-14.76711022924118,EXPIRY,5,45891.24859124446,2023
NIFTY,2023-09-06,2023-09-13,19600,19611.05078125,20070.0,6.581549500794916,6.936417946001942,71.49762165899396,148.0141388452851,76.51651718629113,1,3825.825859314556,93.50451063828658,2.444034675823929,EXPIRY,5,45984.75310188275,2023
NIFTY,2023-09-27,2023-10-05,19700,19716.44921875,19545.75,8.331785128447908,9.04484293856099,90.99747567261242,188.3826718462907,97.38519617367827,1,4869.259808683913,1766.969025216826,36.28824697473702,TARGET,5,47751.72212709958,2023
NIFTY,2023-10-09,2023-10-16,19500,19512.349609375,19731.75,9.319368207651817,9.29969297371116,100.729950122105,208.5308081206135,107.8008579985085,1,5390.042899925425,-223.93512505005688,-4.154607471735618,EXPIRY,5,47527.787002049525,2023
NIFTY,2023-10-18,2023-10-26,19650,19671.099609375,18857.25,9.503589888784955,10.768096460095865,103.55686714344797,214.38308234725588,110.8262152038079,1,5541.310760190395,-1730.167412528585,-31.22307135269089,EXPIRY,5,45797.61958952094,2023
NIFTY,2023-10-30,2023-11-06,19150,19140.900390625,19411.75,11.310604312009978,11.69199430289964,119.92528291466056,248.26892230138594,128.34363938672539,1,6417.1819693362695,-27.451610956092054,-0.42778295967398566,EXPIRY,5,45770.167978564845,2023
NIFTY,2023-11-08,2023-11-16,19450,19443.5,19765.19921875,10.923717354751357,11.62275642008668,117.65421161029059,243.56735803151665,125.91314642122606,1,6295.657321061303,171.88947124925136,2.7302863304553995,EXPIRY,5,45942.0574498141,2023
NIFTY,2023-11-20,2023-11-28,19700,19694.0,19889.69921875,11.334477210466268,6.9408496268559166,123.65110628971182,255.98210947533266,132.33100318562083,1,6616.5501592810415,-1434.4138205016748,-21.67918002540374,EXPIRY,5,44507.64362931243,2023
NIFTY,2023-12-20,2023-12-28,21150,21150.150390625,21778.69921875,11.637041455613149,11.406622628400678,136.33853415832937,282.24758050165264,145.90904634332327,1,7295.452317166163,-301.5710063413252,-4.133684838590886,EXPIRY,5,44206.0726229711,2023
NIFTY,2024-01-01,2024-01-03,21750,21741.900390625,21517.349609375,11.60432305735435,10.183052013286186,139.75903446002775,289.32868886341925,149.5696544033915,1,7478.482720169575,-3974.2470606420325,-53.14242486545341,STOP_LOSS,2,40231.82556232907,2024
NIFTY,2024-01-10,2024-01-17,21600,21618.69921875,21571.94921875,10.74413154637221,12.956207131537711,128.6658979714366,266.363714555837,137.6978165844004,1,6884.89082922002,3606.5528957170386,52.383588718800645,TARGET,5,43838.37845804611,2024
NIFTY,2024-02-21,2024-02-28,22050,22055.05078125,21951.150390625,11.585856207486273,9.274750529215837,141.5463827426907,293.0288513406654,151.48246859797473,1,7574.1234298987365,68.23681813885543,0.9009203344837454,EXPIRY,5,43906.61527618496,2024
NIFTY,2024-03-13,2024-03-20,22000,21997.69921875,21839.099609375,11.032376940867358,11.623899759873948,134.43394103114065,278.3046981367534,143.87075710561277,1,7193.537855280639,2335.6210456284175,32.4683221610335,TARGET,5,46242.236321813376,2024
NIFTY,2024-04-16,2024-04-24,22150,22147.900390625,22402.400390625,9.894564936632786,9.500115363331785,121.39249671948244,251.30634344608362,129.91384672660118,1,6495.692336330059,-503.95617930009706,-7.758313559302943,EXPIRY,5,45738.28014251328,2024
NIFTY,2024-05-08,2024-05-15,22300,22302.5,22200.55078125,10.314361842237837,10.297437786242705,127.42612900051836,263.79714895072107,136.3710199502027,1,6818.550997510136,1762.9036109109365,25.85451970007526,EXPIRY,5,47501.183753424215,2024
NIFTY,2024-05-29,2024-06-04,22700,22704.69921875,21884.5,10.569261982208108,26.811032612230555,132.92999702194388,275.1912382449756,142.2612412230317,1,7113.062061151585,3227.468374547253,45.37382560141384,TARGET,4,50728.652127971465,2024
NIFTY,2024-07-09,2024-07-12,24450,24433.19921875,24502.150390625,5.030973562616437,5.956656194349553,68.09182123910686,140.9634621300116,72.87164089090474,2,7287.164089090475,2479.5343155844207,34.02605300594921,TARGET,3,53208.18644355589,2024
NIFTY,2024-07-30,2024-08-05,24850,24857.30078125,24055.599609375,9.012149390455374,14.002497020386754,124.09232705021003,256.8955232279926,132.80319617778258,1,6640.159808889129,-703.8805496306722,-10.600355562051277,VIX_SPIKE,4,52504.305893925215,2024
NIFTY,2024-09-09,2024-09-16,24950,24936.400390625,25383.75,8.976682020682642,9.181597446040628,123.99728702224562,256.69877167782107,132.70148465557546,1,6635.074232778773,-73.57206335974666,-1.1088355725740635,EXPIRY,5,52430.73383056547,2024
NIFTY,2024-09-18,2024-09-25,25400,25377.55078125,26004.150390625,9.134330641881705,10.205299735906364,128.40709255484504,265.82793644215377,137.42084388730873,1,6871.042194365436,600.283707123451,8.736428770816028,EXPIRY,5,53031.017537688924,2024
NIFTY,2024-10-09,2024-10-16,25000,24981.94921875,24971.30078125,14.587384933232586,12.977360074399213,201.86747166649997,417.90536924571046,216.0378975792105,1,10801.894878960524,1362.6398996528408,12.614822815087132,EXPIRY,5,54393.65743734177,2024
NIFTY,2024-10-29,2024-10-31,24450,24466.849609375,24205.349609375,11.70081651093514,9.582949173075948,158.58306249274912,328.2981291638473,169.71506667109819,1,8485.753333554909,-4776.067676863522,-56.283366828230676,STOP_LOSS,2,49617.589760478244,2024
NIFTY,2024-11-19,2024-11-27,23500,23518.5,24274.900390625,11.962035452439709,15.173497168445257,155.83940575543113,322.61822010060496,166.77881434517383,1,8338.94071725869,2030.9073059619777,24.354499867815463,EXPIRY,5,51648.49706644022,2024
NIFTY,2024-12-10,2024-12-17,24600,24610.05078125,24336.0,14.591605439605374,14.27411289548185,198.9198699692076,411.80325400382884,212.88338403462123,1,10644.169201731062,-4124.338599515146,-38.74739795421896,EXPIRY,5,47524.15846692507,2024
NIFTY,2024-12-31,2025-01-06,23650,23644.80078125,23616.05078125,10.903470647477825,13.48811099768068,142.81143962120544,295.64776788808194,152.8363282668765,1,7641.816413343825,3585.631490136339,46.921193812969086,TARGET,4,51109.78995706141,2025
NIFTY,2025-01-20,2025-01-27,23350,23344.75,22829.150390625,12.536680571260714,13.628387882087885,162.11916823868847,335.61856353224334,173.49939529355487,1,8674.969764677744,-2835.5160180693274,-32.68617753130187,EXPIRY,5,48274.27393899208,2025
NIFTY,2025-01-29,2025-02-04,23150,23163.099609375,23739.25,14.224094641952911,13.097400133371018,182.50883259600607,377.8291789508491,195.32034635484302,1,9766.017317742151,-1012.5253648160907,-10.367843224859046,EXPIRY,5,47261.74857417599,2025
NIFTY,2025-02-17,2025-02-24,22950,22959.5,22553.349609375,11.56191733734013,10.998929528743515,147.04655865699925,304.41529724703145,157.3687385900322,1,7868.4369295016095,-3212.5817867677542,-40.82871624378948,EXPIRY,5,44049.166787408234,2025
NIFTY,2025-03-10,2025-03-18,22450,22460.30078125,22834.30078125,10.750741294724296,11.38536878811252,133.75701189501123,276.9033216878786,143.14630979286736,1,7157.315489643368,161.89213695536608,2.2619114274007335,EXPIRY,5,44211.0589243636,2025
NIFTY,2025-04-01,2025-04-08,23150,23165.69921875,22535.849609375,11.959795465866538,18.523457870039532,153.47291599120436,317.7191208521177,164.24620486091337,1,8212.310243045667,-377.40071819925305,-4.595548719300306,VIX_SPIKE,5,43833.65820616434,2025
NIFTY,2025-06-24,2025-07-01,25050,25044.349609375,25541.80078125,9.593227316066733,10.164044821747304,133.08744029660423,275.51717678915514,142.42973649255092,1,7121.4868246275455,187.3342784097801,2.630550094706911,EXPIRY,5,44020.99248457412,2025
NIFTY,2025-07-14,2025-07-21,25100,25082.30078125,25090.69921875,8.848415182643688,7.892824773715098,122.94063242961616,254.51128885033756,131.5706564207214,1,6578.53282103607,855.3071750387048,13.001488300000611,EXPIRY,5,44876.29965961282,2025
NIFTY,2025-07-23,2025-07-25,25200,25219.900390625,24837.0,7.640327075786914,6.84178086773527,106.7377138767748,220.9680606879023,114.23034681112749,1,5711.517340556375,-2993.858956623648,-52.417926412738645,STOP_LOSS,2,41882.44070298917,2025
NIFTY,2025-08-12,2025-08-20,24500,24487.400390625,25050.55078125,8.888590706226687,9.739506483017873,120.56969718289352,249.60298657875506,129.03328939586154,1,6451.664469793077,417.1767472703479,6.466187899627829,EXPIRY,5,42299.617450259524,2025
NIFTY,2025-09-03,2025-09-10,24700,24715.05078125,24973.099609375,9.889828664854384,8.681252058217185,135.39818852440337,280.3008800941018,144.90269156969842,1,7245.134578484921,-1141.5627114647962,-15.756266486129455,EXPIRY,5,41158.05473879473,2025
NIFTY,2025-09-23,2025-09-25,25150,25169.5,24890.849609375,7.765739711431223,6.629993507155482,108.2729568817405,224.14631565674654,115.87335877500604,1,5793.667938750302,-3154.4248660327953,-54.446076291925124,STOP_LOSS,2,38003.629872761936,2025
NIFTY,2025-10-14,2025-10-21,25150,25145.5,25868.599609375,7.987232491904428,8.494559673496815,111.25490848125828,230.3195419521058,119.06463347084751,1,5953.231673542376,233.24012626547486,3.917874174157396,EXPIRY,5,38236.86999902741,2025
NIFTY,2025-11-04,2025-11-12,25600,25597.650390625,25875.80078125,7.835033293051853,8.035388867641633,111.09730618423941,229.9932742003679,118.89596801612848,1,5944.798400806424,-91.1053595842688,-1.5325222731171197,EXPIRY,5,38145.76463944314,2025
NIFTY,2025-11-25,2025-12-02,25900,25884.80078125,26032.19921875,7.117052730819619,7.769899210929069,102.04872653102217,211.2609346614143,109.21220813039213,1,5460.610406519607,2132.0544115993416,39.04425060344554,TARGET,5,40277.81905104248,2025
NIFTY,2025-12-15,2025-12-22,26050,26027.30078125,26172.400390625,8.287420885567288,8.468459350246857,119.48437208166007,247.3561501596022,127.87177807794214,1,6393.588903897107,1926.2697190276142,30.12814473970149,TARGET,5,42204.0887700701,2025
NIFTY,2025-12-24,2026-01-01,26150,26142.099609375,26146.55078125,7.138960303264054,7.566656244033425,103.38035311807228,214.0176635982979,110.63731048022562,1,5531.865524011281,1894.672233248925,34.250149882079114,TARGET,5,44098.76100331902,2026
NIFTY,2026-01-05,2026-01-12,26250,26250.30078125,25790.25,7.750093912032957,7.849776238138357,112.69478730483004,233.3003743094256,120.60558700459555,1,6030.279350229777,-2230.5661534197325,-36.98943322310167,EXPIRY,5,41868.194849899286,2026
NIFTY,2026-01-14,2026-01-22,25650,25665.599609375,25289.900390625,7.608843191477669,8.361458993080259,108.17642576587933,223.94647726136452,115.77005149548519,1,5788.502574774259,-1819.629858952184,-31.435243147026604,EXPIRY,5,40048.5649909471,2026
NIFTY,2026-01-27,2026-02-03,25200,25175.400390625,25727.55078125,9.138536185852821,13.352459272140168,127.44288705168442,263.8318414125753,136.38895436089086,1,6819.447718044543,2851.943540580007,41.82074060093818,TARGET,5,42900.50853152711,2026
NIFTY,2026-02-16,2026-02-23,25700,25682.75,25713.0,14.201257570125122,13.705820000791977,202.03699842200896,418.25632297180186,216.2193245497929,1,10810.966227489645,2417.9954217913332,22.366136115039946,EXPIRY,5,45318.503953318446,2026
NIFTY,2026-02-25,2026-03-05,25500,25482.5,24765.900390625,14.159730169134685,13.440784455549847,199.87551207931713,413.7816211255604,213.90610904624324,1,10695.305452312163,-4447.654955728548,-41.58511391338555,EXPIRY,5,40870.8489975899,2026
NIFTY,2026-05-13,2026-05-20,23400,23412.599609375,23659.0,14.667282705752156,13.284374210014827,190.22249782078066,393.7979830745903,203.57548525380966,1,10178.774262690484,-1330.333817770439,-13.069685832867673,EXPIRY,5,39540.51517981946,2026
NIFTY,2026-06-03,2026-06-10,23400,23405.599609375,23214.94921875,13.516506261538256,10.29982061984651,175.2454699925644,362.79258981789815,187.54711982533374,1,9377.355991266686,-401.7168686384437,-4.283903362659692,EXPIRY,5,39138.79831118101,2026
NIFTY,2026-06-23,2026-07-01,23800,23824.099609375,24005.849609375,12.687319525936477,11.579350608583015,167.43604341397037,346.6255408575965,179.18949744362612,1,8959.474872181307,1474.9680745196756,16.462662104219667,EXPIRY,5,40613.766385700685,2026
NIFTY,2026-07-14,2026-07-21,24050,24052.05078125,24187.69921875,12.075966100395647,12.224338074266136,160.89278765767997,333.07971452744266,172.1869268697627,1,8609.346343488134,2489.757003811499,28.919233870695432,EXPIRY,5,43103.523389512186,2026
NIFTY,2026-08-03,2026-08-10,24750,24774.30078125,24583.80078125,13.291912281639293,10.392322781897088,182.41117953182035,377.62701790177266,195.2158383699523,1,9760.791918497616,-170.54831494426708,-1.7472794868320267,EXPIRY,5,42932.97507456792,2026
NIFTY,2026-08-12,2026-08-19,24450,24435.94921875,24078.30078125,10.260498562192922,9.344275031958203,138.8865713967268,287.52251872807227,148.63594733134548,1,7431.7973665672735,-3208.9106035193963,-43.17812293907555,EXPIRY,5,39724.06447104852,2026
BANKNIFTY,2022-11-14,2022-11-21,42100,42076.26171875,42346.05859375,12.939978443632036,10.639753221581666,301.60134903691863,624.3741108647096,322.77276182779093,1,4841.591427416864,232.21375352862026,4.796227790177523,EXPIRY,5,39956.278224577145,2022
BANKNIFTY,2022-11-23,2022-11-30,42700,42728.60546875,43230.49609375,8.461393831637597,7.519534702722269,200.27337088092597,414.6052670949748,214.33189621404884,1,3214.9784432107326,-469.4137011056681,-14.600835103481263,EXPIRY,5,39486.86452347148,2022
BANKNIFTY,2022-12-13,2022-12-15,43900,43946.0390625,43497.6953125,6.532700243867481,8.16681502203378,159.02853104069465,329.2203366719697,170.19180563127503,2,5105.754168938251,1711.7714446345192,33.52631928596133,TARGET,2,41198.635968106,2022
BANKNIFTY,2023-05-09,2023-05-16,43200,43198.1484375,43903.69921875,13.471771758802426,12.300133666886955,322.36837339389183,667.3659357010226,344.9975623071308,1,5174.963434606962,-613.9489947515136,-11.86383251803871,EXPIRY,5,40584.68697335449,2023
BANKNIFTY,2023-05-29,2023-06-05,44300,44311.8984375,44101.6484375,12.318947045801847,7.7491100955544985,302.3824101104571,625.9910609044852,323.60865079402805,1,4854.129761910421,-1005.5907569139794,-20.7161902593682,EXPIRY,5,39579.09621644051,2023
BANKNIFTY,2023-06-07,2023-06-14,44300,44275.30078125,43988.0,7.655578521939802,7.068687482765651,187.75958412700976,388.6992673274784,200.93968320046866,1,3014.09524800703,487.4701024397504,16.17301585814429,EXPIRY,5,40066.56631888026,2023
BANKNIFTY,2023-06-27,2023-07-05,44100,44121.5,45151.80078125,9.452541844769458,9.862130280334611,231.02631793122146,478.26991591803875,247.2435979868173,1,3708.6539698022593,52.285234002038976,1.4098169963488603,EXPIRY,5,40118.8515528823,2023
BANKNIFTY,2023-07-18,2023-07-25,45400,45410.8515625,45845.0,9.007872590647317,9.779943617183807,226.5919411650988,469.0898838676912,242.49794270259238,1,3637.4691405388858,1411.6726470513968,38.80919926766058,TARGET,5,41530.524199933694,2023
BANKNIFTY,2023-08-07,2023-08-14,44800,44837.5,44090.94921875,10.859464427956341,10.010937249579897,269.7195185804156,558.372451364235,288.6529327838194,1,4329.79399175729,-1844.4676058498167,-42.59943104362849,EXPIRY,5,39686.05659408388,2023
BANKNIFTY,2023-08-28,2023-09-04,44500,44494.6484375,44578.30078125,9.64616597888514,8.376545833295,237.7524983032966,492.1944321801195,254.44193387682293,1,3816.629008152344,388.4844476572286,10.178732248469089,EXPIRY,5,40074.541041741104,2023
BANKNIFTY,2023-09-06,2023-09-13,44400,44409.1015625,45909.44921875,8.332970617881195,8.99410029800206,204.99082188261465,424.37131848742615,219.3804966048115,1,3290.7074490721725,196.76118774206046,5.979297485029793,EXPIRY,5,40271.30222948317,2023
BANKNIFTY,2023-09-27,2023-10-05,44600,44588.30078125,44213.3515625,11.684626793649059,11.945166227883746,288.60134238708696,597.4615402838984,308.8601978968115,1,4632.902968452172,1314.6028243371936,28.37535845859503,EXPIRY,5,41585.90505382036,2023
BANKNIFTY,2023-10-09,2023-10-16,43900,43886.5,44225.8984375,11.858594868614473,11.441660987566845,288.28812803843584,596.8131249798105,308.52499694137464,1,4627.87495412062,1070.5519043062168,23.132688651256807,EXPIRY,5,42656.456958126575,2023
BANKNIFTY,2023-10-18,2023-10-23,43900,43888.69921875,43151.19921875,11.838752748571979,10.559536189549416,287.8201789657541,595.8443783640589,308.0241993983048,1,4620.362990974572,-2333.5006774993926,-50.50470454502511,STOP_LOSS,3,40322.956280627186,2023
BANKNIFTY,2023-10-30,2023-11-06,43000,43039.1484375,43619.3984375,12.553805182644648,12.622451235717788,299.2964969256484,619.6026136806144,320.30611675496596,1,4804.591751324489,-154.36772992062572,-3.2129208455238873,EXPIRY,5,40168.58855070656,2023
BANKNIFTY,2023-11-08,2023-11-16,43700,43658.6484375,44161.55078125,11.415354647132304,11.359400902294288,276.07194470693463,571.5232228287671,295.45127812183244,1,4431.769171827486,-194.84935888101205,-4.39664953941326,EXPIRY,5,39973.73919182555,2023
BANKNIFTY,2023-11-20,2023-11-28,43600,43584.94921875,43880.94921875,11.503989341044784,8.165097797135752,277.7458599243191,574.9885565510954,297.24269662677625,1,4458.640449401644,-423.7974282975466,-9.505081943856245,EXPIRY,5,39549.941763528004,2023
BANKNIFTY,2024-01-10,2024-01-17,47400,47360.8515625,46064.44921875,12.301048318775356,19.063616694889536,322.7187554672226,668.0912955052722,345.37254003804964,1,5180.588100570744,-235.99654570598972,-4.555400682791014,VIX_SPIKE,5,39313.945217822016,2024
BANKNIFTY,2024-02-21,2024-02-28,47000,47019.69921875,45963.1484375,14.620915427622691,14.293375126581992,380.81758166062394,788.3672924881233,407.5497108274994,1,6113.245662412491,-2414.079801007721,-39.489330779732555,EXPIRY,5,36899.8654168143,2024
BANKNIFTY,2024-03-13,2024-03-20,47000,46981.30078125,46310.8984375,13.403478824876885,12.379833463356654,348.82302878302,722.1322754059465,373.30924662292654,1,5599.638699343898,-2371.462347870268,-42.35027428016256,EXPIRY,5,34528.403068944026,2024
BANKNIFTY,2024-04-16,2024-04-23,47500,47484.80078125,47970.44921875,10.819663404780801,11.744236210876384,284.59741407975537,589.1726212030019,304.5752071232465,1,4568.628106848698,1388.575737187573,30.39371348930764,TARGET,4,35916.9788061316,2024
BANKNIFTY,2024-05-08,2024-05-15,48000,48021.1015625,47687.44921875,14.736199906335578,13.884750851426944,391.9947058896646,811.506137936979,419.51143204731443,1,6292.671480709716,1163.7667141109346,18.494000802019936,EXPIRY,5,37080.74552024253,2024
BANKNIFTY,2024-05-29,2024-06-03,48500,48501.3515625,50979.94921875,12.360584261346602,19.06390814512205,332.0897105538696,687.4910155955896,355.40130504172,1,5331.0195756258,1985.5060710735768,37.2443965531772,TARGET,3,39066.25159131611,2024
BANKNIFTY,2024-07-09,2024-07-16,52600,52568.80078125,52396.80078125,12.992733623724225,13.196081026414017,378.3477744039984,783.2543057100901,404.90653130609167,1,6073.597969591375,1712.8427727671726,28.201451287076395,EXPIRY,5,40779.094364083285,2024
BANKNIFTY,2024-07-30,2024-08-06,51500,51499.30078125,49748.30078125,10.880535540658839,11.418321133062975,310.39461887932754,642.5779088814601,332.18329000213254,1,4982.749350031988,-1784.2980145708148,-35.80950774815434,EXPIRY,5,38994.79634951247,2024
BANKNIFTY,2024-08-20,2024-08-27,50800,50803.1484375,51278.75,14.56576169996595,13.597758814715391,409.908012298989,848.5902053580435,438.6821930590545,1,6580.232895885818,1272.0150068849484,19.330850853018514,EXPIRY,5,40266.81135639742,2024
BANKNIFTY,2024-09-09,2024-09-16,51100,51117.80078125,52153.1484375,12.17304465453565,10.700909758501567,344.69418375819447,713.584754151464,368.89057039326957,1,5533.3585558990435,-819.7693029044094,-14.81504035249015,EXPIRY,5,39447.04205349301,2024
BANKNIFTY,2024-09-18,2024-09-25,52800,52750.3984375,54101.6484375,10.806016364958259,11.586978642835838,315.7576959077445,653.6805331296922,337.9228372219477,1,5068.8425583292155,225.73368000674236,4.453357495505806,EXPIRY,5,39672.77573349975,2024
BANKNIFTY,2025-02-18,2025-02-25,49100,49087.30078125,48608.3515625,12.048807117732023,11.283394266623045,327.6240562200084,678.246232828413,350.6221766084046,1,5259.332649126069,-2171.1007853107108,-41.280917754298684,EXPIRY,5,37501.674948189044,2025
BANKNIFTY,2025-03-11,2025-03-19,47900,47853.94921875,49702.6015625,8.554433029414454,11.354142170729366,226.76268683981735,469.443360996281,242.68067415646365,1,3640.2101123469547,1126.1181696713222,30.935526656874192,TARGET,5,38627.79311786037,2025
BANKNIFTY,2025-06-16,2025-06-23,55900,55944.8984375,56059.3515625,9.80180677929586,9.853388125330602,303.75903608276315,628.840947419239,325.08191133647586,1,4876.228670047138,1344.2370114202158,27.567144659916476,EXPIRY,5,39972.03012928058,2025
BANKNIFTY,2025-06-25,2025-07-02,56600,56621.1484375,56999.19921875,10.005711298160632,10.879118591053146,313.8262162799747,649.6819904206062,335.8557741406315,1,5037.836612109473,1945.3187386638388,38.61416890710323,TARGET,5,41917.34886794442,2025
BANKNIFTY,2025-07-15,2025-07-21,57000,57006.6484375,56952.75,8.386742214372731,9.195880015693717,264.83865998804066,548.2681141203806,283.4294541323399,1,4251.441811985099,1286.5446951670672,30.26137371891605,TARGET,4,43203.89356311149,2025
BANKNIFTY,2025-08-04,2025-08-11,55600,55619.3515625,55510.75,9.069269338106126,10.028628546747669,279.4221308121331,578.4587669745214,299.0366361623883,1,4485.549542435824,1783.5891687415665,39.76300232263201,TARGET,5,44987.48273185305,2025
BANKNIFTY,2025-08-13,2025-08-21,55200,55181.44921875,55755.44921875,10.11980927558494,8.382763492232247,309.33425021624373,640.3827371976599,331.0484869814162,1,4965.727304721243,297.6411227835115,5.993907931684539,EXPIRY,5,45285.123854636564,2025
BANKNIFTY,2025-08-25,2025-09-02,55100,55139.30078125,53661.0,8.581563131823538,10.207261586659563,262.1140104988294,542.6275537990272,280.5135433001978,1,4207.703149502967,-1123.6116858039495,-26.703682410121438,EXPIRY,5,44161.51216883262,2025
BANKNIFTY,2025-09-15,2025-09-22,54900,54887.8515625,55284.75,9.436836215249624,8.941197759607144,286.9229110780684,593.9868573636716,307.06394628560315,1,4605.959194284047,960.6443154520732,20.856552890095596,EXPIRY,5,45122.15648428469,2025
BANKNIFTY,2025-09-24,2025-10-01,55100,55121.5,55347.94921875,8.181607334433235,8.183096034503318,249.81714381683483,517.1706212438205,267.3534774269857,1,4010.3021614047857,1090.1469658686524,27.183661529553678,EXPIRY,5,46212.30345015335,2025
BANKNIFTY,2025-10-06,2025-10-13,56100,56104.8515625,56625.0,8.702494837238877,9.067529252260229,270.462321278461,559.9101990421581,289.4478777636971,1,4341.718166455456,1440.3927554009183,33.17563923263226,TARGET,5,47652.69620555427,2025
BANKNIFTY,2025-10-15,2025-10-23,56800,56799.8984375,58078.05078125,9.206696791087412,9.293225152091491,289.67697644672785,599.6883143409398,310.0113378942119,1,4650.170068413179,-91.59623686249006,-1.969739504468195,EXPIRY,5,47561.09996869178,2025
BANKNIFTY,2025-11-17,2025-11-24,59000,58962.69921875,58835.3515625,7.072391170749547,7.224589851118036,230.9969305125621,478.20907818155433,247.21214766899223,1,3708.1822150348835,1078.5682482075983,29.086171759158063,EXPIRY,5,48639.66821689938,2025
BANKNIFTY,2025-11-26,2025-12-03,59500,59528.05078125,59348.25,7.959864832722589,7.394643803391404,262.47620253543397,543.3773625500138,280.90116001457983,1,4213.517400218698,728.615443078211,17.292332601744878,EXPIRY,5,49368.28365997759,2025
BANKNIFTY,2025-12-16,2025-12-23,59000,59034.6015625,59299.55078125,8.588332222360341,7.975185066702088,280.8523430833609,581.4195876672906,300.56724458392966,1,4508.508668758945,817.249125493719,18.126817214675174,EXPIRY,5,50185.53278547131,2025
BANKNIFTY,2026-01-06,2026-01-13,60100,60118.3984375,59578.80078125,5.841577573535223,6.506050681483347,194.53606631083656,402.7279182331462,208.19185192230967,2,6245.75555766929,2484.5296846737065,39.779489634731256,TARGET,5,52670.062470145014,2026
BANKNIFTY,2026-01-28,2026-02-03,59600,59598.80078125,60041.30078125,10.768857164426866,14.984301685070548,355.52464945884725,736.0059482664415,380.4812988075942,1,5707.219482113913,3806.06532774434,66.68860974546928,TARGET,4,56476.127797889356,2026
SENSEX,2021-10-27,2021-11-03,61100,61143.328125,59771.921875,9.872983170999984,12.89128005897416,334.3952118281104,692.26385667471,357.86864484659964,2,7157.372896931993,-1372.5343434398906,-19.17651019731314,EXPIRY,5,55103.59345444947,2021
SENSEX,2021-11-08,2021-11-15,60500,60545.609375,60718.7109375,12.48472596934095,12.671377752195207,418.7205232988059,866.8338363549412,448.1133130561353,1,4481.133130561353,1295.095306871391,28.90106741169624,EXPIRY,5,56398.68876132086,2021
SENSEX,2021-11-17,2021-11-25,60000,60008.328125,58795.08984375,12.56235314335109,14.262086085978837,417.58520579262023,864.4835058251298,446.89830003250955,1,4468.983000325095,-1321.29197666636,-29.565831343959974,EXPIRY,5,55077.3967846545,2021
SENSEX,2022-08-22,2022-08-29,58800,58773.87109375,57972.62109375,13.053053610121692,11.92739452977723,424.9707084924884,879.7729489799567,454.8022404874683,1,4548.022404874683,-1952.4299380977993,-42.92920668124099,EXPIRY,5,53124.9668465567,2022
SENSEX,2022-11-14,2022-11-21,61600,61624.1484375,61144.83984375,10.600422740537919,10.706622935465962,361.8567640741535,749.114670907935,387.2579068337815,2,7745.158136675629,2084.542573274773,26.914138310538082,EXPIRY,5,55209.50941983148,2022
SENSEX,2022-11-23,2022-11-30,61500,61510.578125,63099.6484375,10.424740698604365,10.08418874029025,355.2038376486303,735.3418047226587,380.1379670740284,2,7602.759341480568,-437.08373559127153,-5.749014482236045,EXPIRY,5,54772.4256842402,2022
SENSEX,2022-12-13,2022-12-20,62500,62533.30078125,61702.2890625,8.031007138162725,9.63626653391351,278.1915564096095,575.9112359343518,297.7196795247423,2,5954.393590494846,-1490.5593496468805,-25.032932858625596,EXPIRY,5,53281.866334593324,2022
SENSEX,2023-01-02,2023-01-09,61200,61167.7890625,60747.30859375,11.645925833171253,13.422249453069298,394.6020908639783,816.903937649141,422.3018467851627,1,4223.018467851627,1898.375434877642,44.95304601031975,TARGET,5,55180.241769470966,2023
SENSEX,2023-01-11,2023-01-18,60100,60105.5,61045.73828125,13.421495425208047,12.573693249235292,446.8663998926528,925.101336579683,478.2349366870302,1,4782.349366870302,-460.4220975102942,-9.627529529730003,EXPIRY,5,54719.81967196067,2023
SENSEX,2023-02-01,2023-02-08,59700,59708.078125,60663.7890625,11.932056491559395,11.116421292904409,394.6489687899737,817.0009841758095,422.35201538583584,1,4223.520153858359,-426.404956211141,-10.095961204816382,EXPIRY,5,54293.41471574953,2023
SENSEX,2023-02-21,2023-02-28,60700,60672.71875,58962.12109375,10.981671990320095,10.354644631806888,369.0833917383855,764.0752114917668,394.9918197533813,2,7899.836395067627,-3316.240979537683,-41.97860327345797,EXPIRY,5,50977.17373621185,2023
SENSEX,2023-04-05,2023-04-13,59700,59689.30859375,60431.0,12.790563832362748,9.793094947030342,422.9108397720745,875.5086155977841,452.5977758257096,1,4525.977758257096,-1193.716922721402,-26.374785438209692,EXPIRY,5,49783.45681349045,2023
SENSEX,2023-04-18,2023-04-25,59700,59727.01171875,60130.7109375,9.889386740957477,9.389992802806065,327.19203785455477,677.3518698434042,350.1598319888494,2,7003.196639776988,1474.7284147426558,21.05793240713026,EXPIRY,5,51258.1852282331,2023
SENSEX,2023-05-09,2023-05-16,61800,61761.328125,61932.46875,8.897608972577737,8.603942419108787,304.4055184707742,630.1792931113024,325.7737746405282,2,6515.475492810564,1485.5169919676075,22.799824718960057,EXPIRY,5,52743.70222020071,2023
SENSEX,2023-05-29,2023-06-05,62800,62846.37890625,62787.46875,9.18346732503518,6.882974918567719,319.7050701249266,661.8523741210321,342.1473039961055,2,6842.946079922111,-353.95559930532954,-5.172561571745695,EXPIRY,5,52389.74662089538,2023
SENSEX,2023-06-07,2023-06-14,63100,63142.9609375,63228.51171875,7.050802782349795,6.616731550363763,246.61874851022174,510.54931390505266,263.9305653948309,2,5278.611307896618,1003.1936732118379,19.004878645091658,EXPIRY,5,53392.94029410722,2023
SENSEX,2023-06-27,2023-07-05,63400,63416.03125,65446.0390625,6.9458640380124335,8.268976392945824,243.9989268572699,505.12576782208845,261.12684096481854,3,7833.805228944556,1307.655897334535,16.69247395254317,EXPIRY,5,54700.59619144176,2023
SENSEX,2023-08-07,2023-08-14,66000,65953.4765625,65401.921875,10.112087180099005,9.382040840424276,369.43758570498056,764.808462664789,395.3708769598084,2,7907.417539196168,1305.8950185929177,16.514810456381554,EXPIRY,5,56006.49121003468,2023
SENSEX,2023-08-28,2023-09-04,65000,64996.6015625,65628.140625,7.600748864852086,6.2781087105483735,273.6589220736074,566.5277913892489,292.8688693156415,2,5857.37738631283,329.14952778519137,5.619401074520626,EXPIRY,5,56335.64073781987,2023
SENSEX,2023-09-06,2023-09-13,65900,65880.5234375,67466.9921875,6.19985536827762,6.527622657991927,226.25655929823625,468.3955774410418,242.13901814280553,3,7264.170544284166,175.04063925312948,2.409643856597788,EXPIRY,5,56510.681377073,2023
SENSEX,2023-09-27,2023-10-05,66100,66118.6875,65631.5703125,8.15748115542462,8.895138274645358,298.7740555670289,618.5210573155364,319.7470017485075,2,6394.94003497015,2370.8986456959465,37.07460324461061,TARGET,5,58881.58002276895,2023
SENSEX,2023-10-09,2023-10-16,65500,65512.390625,66166.9296875,9.202419635152953,9.203932491135571,333.9550846209345,691.3527067925052,357.3976221715707,2,7147.9524434314135,-289.8550911832217,-4.0550786183473155,EXPIRY,5,58591.724931585726,2023
SENSEX,2023-10-18,2023-10-26,65900,65877.0234375,63148.1484375,9.465237490025757,10.561903367003971,345.4045564055332,715.055365246146,369.65080884061285,2,7393.016176812257,-2385.7487090510003,-32.2703028370715,EXPIRY,5,56205.97622253472,2023
SENSEX,2023-10-30,2023-11-06,64100,64112.6484375,64958.69140625,11.204133622003503,11.62598827463904,397.90974588629916,823.7514340884093,425.8416882021101,1,4258.416882021101,-6.092458581601363,-0.1430686273888197,EXPIRY,5,56199.88376395312,2023
SENSEX,2023-11-08,2023-11-16,65000,64975.609375,65982.4765625,10.859842472039485,11.520895847666905,390.87371450513683,809.1854652966326,418.3117507914958,2,8366.235015829916,194.36293959128307,2.3231828800353465,EXPIRY,5,56394.2467035444,2023
SENSEX,2023-11-20,2023-11-28,65700,65655.1484375,66174.203125,11.119811136431675,6.883033452469406,404.4164175311461,837.2215241125841,432.805106581438,1,4328.05106581438,-908.5197930412227,-20.991429611754654,EXPIRY,5,55485.726910503174,2023
SENSEX,2023-12-20,2023-12-28,70500,70506.3125,72410.3828125,11.777829935581911,11.490267738479288,459.9979113512561,952.2861479787576,492.28823662750153,1,4922.882366275016,-238.09121561082407,-4.836418949229939,EXPIRY,5,55247.63569489235,2023
SENSEX,2024-01-02,2024-01-09,71900,71892.4765625,71386.2109375,11.979439343357198,11.213009050341357,477.0704494725167,987.6296596828818,510.55921021036505,1,5105.59210210365,903.8545339833632,17.703226499644366,EXPIRY,5,56151.490228875715,2024
SENSEX,2024-01-23,2024-01-31,70400,70370.546875,71752.109375,14.286332519792456,16.352268474141013,556.8962064175133,1152.8846765314095,595.9884701138961,1,5959.884701138962,646.6226811080321,10.84958373413599,EXPIRY,5,56798.11290998375,2024
SENSEX,2024-03-04,2024-03-12,73900,73872.2890625,73667.9609375,10.576706392847898,9.871444175090902,432.8073070415368,895.9962492632284,463.1889422216916,1,4631.8894222169165,827.6665444143009,17.86887528973356,EXPIRY,5,57625.77945439805,2024
SENSEX,2024-03-26,2024-04-03,72500,72470.296875,73876.8203125,11.377910456997178,9.494138760414787,456.75691510776227,945.5766483219785,488.8197332142162,1,4888.197332142162,-938.8710760315092,-19.206898008351605,EXPIRY,5,56686.90837836654,2024
SENSEX,2024-04-29,2024-05-07,74700,74671.28125,73511.8515625,10.888021879794035,11.043036802559335,450.36555501498935,932.3452758898453,481.97972087485596,1,4819.79720874856,-1772.506659206012,-36.775544331796404,EXPIRY,5,54914.40171916053,2024
SENSEX,2024-05-21,2024-05-28,74000,73953.3125,75170.453125,10.347744277582823,10.94785130943926,423.9024222537923,877.5613863574259,453.65896410363365,1,4536.589641036337,97.18919055450499,2.1423403535415013,EXPIRY,5,55011.590909715036,2024
SENSEX,2024-07-10,2024-07-18,79900,79924.7734375,81343.4609375,6.218122477297833,6.851657125138308,275.29813226675225,569.9212788856854,294.62314661893316,2,5892.462932378663,383.8921624341481,6.514969493056766,EXPIRY,5,55395.48307214918,2024
SENSEX,2024-07-22,2024-07-29,80500,80502.078125,81355.84375,7.836961012185818,8.725524095139562,349.4760005578087,723.4840554049595,374.0080548471508,2,7480.161096943016,513.9377521345682,6.870677589345017,EXPIRY,5,55909.42082428375,2024
SENSEX,2024-07-31,2024-08-05,81700,81741.34375,78759.3984375,8.598616281978858,13.686963358371834,389.3434928571203,806.0176055242639,416.6741126671436,2,8333.482253342872,-1119.9075041386527,-13.438649895599356,VIX_SPIKE,3,54789.513320145095,2024
SENSEX,2024-09-10,2024-09-17,81900,81921.2890625,83079.65625,9.229053592207292,8.902155125662874,418.8095001064603,867.0180358465689,448.2085357401086,1,4482.085357401085,-317.71744400278067,-7.088607616054138,EXPIRY,5,54471.795876142314,2024
SENSEX,2024-09-30,2024-10-08,84300,84299.78125,81634.8125,12.180501338915029,14.602218008364925,568.7929314171101,1177.5132371049765,608.7203056878664,1,6087.203056878663,-1612.5207021162146,-26.49033861773402,EXPIRY,5,52859.2751740261,2024
SENSEX,2024-10-21,2024-10-28,81200,81151.2734375,80005.0390625,11.641008156689464,11.753851041187765,523.2973215787107,1083.3283767527064,560.0310551739957,1,5600.310551739957,-2070.385309949022,-36.96911610206644,EXPIRY,5,50788.88986407708,2024
SENSEX,2024-10-30,2024-11-04,79900,79942.1796875,78782.2421875,11.257436486846805,9.35176210502515,498.5148157572157,1032.023715527861,533.5088997706453,1,5335.088997706453,-2869.99869507781,-53.794766990984,STOP_LOSS,3,47918.89116899927,2024
SENSEX,2024-12-11,2024-12-18,81500,81526.140625,80182.203125,14.572971040807516,14.745847990761455,658.1237515518262,1362.4456041932988,704.3218526414726,1,7043.218526414726,-2604.9280618774865,-36.98491040861538,EXPIRY,5,45313.96310712178,2024
SENSEX,2025-01-01,2025-01-06,78500,78507.40625,77964.9921875,10.833006501380348,13.557395172742694,471.10987988614306,975.2901083260218,504.18022843987876,1,5041.802284398787,2031.4139705742866,40.291424692718266,TARGET,3,47345.37707769607,2025
SENSEX,2025-01-21,2025-01-28,75800,75838.359375,75901.40625,13.013073496070385,14.086274880995402,546.6777408132252,1131.7304429828785,585.0527021696532,1,5850.527021696533,2176.301046872427,37.198376125803186,TARGET,5,49521.67812456849,2025
SENSEX,2025-02-10,2025-02-17,77300,77311.796875,75996.859375,12.523945839387697,12.978734261934571,536.351534097011,1110.3531641423513,574.0016300453402,1,5740.016300453402,-2037.5086103541666,-35.49656488245903,EXPIRY,5,47484.16951421432,2025
SENSEX,2025-02-19,2025-02-27,75900,75939.1796875,74612.4296875,11.314073500142472,10.61735516047485,475.9348165230902,985.278676123521,509.3438596004308,1,5093.438596004308,-2119.749834622612,-41.61726493150442,EXPIRY,5,45364.41967959171,2025
SENSEX,2025-03-12,2025-03-20,74000,74029.7578125,76348.0625,9.513878164433724,12.198806311960816,390.14540221426864,807.6777156115113,417.53231339724266,1,4175.323133972426,1068.8207495818028,25.59851573846742,EXPIRY,5,46433.240429173515,2025
SENSEX,2025-06-17,2025-06-24,81600,81583.296875,82055.109375,9.76626389990149,9.376499167812206,441.3593041243853,913.7005652146386,472.3412610902533,1,4723.412610902533,1052.815389996598,22.28929540405808,EXPIRY,5,47486.05581917011,2025
SENSEX,2025-07-07,2025-07-14,83400,83442.5,82253.4609375,9.741312893552587,8.994453088487987,450.26416025323425,932.1353687908904,481.8712085376562,1,4818.712085376562,-2041.5775108051862,-42.36770063521331,EXPIRY,5,45444.47830836492,2025
SENSEX,2025-07-16,2025-07-18,82600,82634.4765625,81757.7265625,8.969265596235273,8.191817821800312,410.5638847615508,849.9479903512483,439.3841055896975,1,4393.841055896975,-2251.6132403756346,-51.24475855478987,STOP_LOSS,2,43192.86506798929,2025
SENSEX,2025-08-05,2025-08-11,80700,80710.25,80604.078125,8.054055216026645,9.055601063017969,360.08569969584937,745.4482193153979,385.3625196195485,1,3853.625196195485,1291.867144429748,33.52342479245651,TARGET,4,44484.73221241904,2025
SENSEX,2025-08-26,2025-09-03,80800,80786.5390625,80567.7109375,9.32864324355845,9.620162890995944,417.4649966144541,864.2346491838218,446.76965256936774,1,4467.696525693677,1351.2106573132064,30.244011640952056,TARGET,5,45835.942869732244,2025
SENSEX,2025-09-16,2025-09-23,82400,82380.6875,82102.1015625,8.128173592414345,7.902072628621935,370.92060657045755,767.8786075339443,396.95800096348677,1,3969.5800096348676,901.1411788229452,22.701171827642153,EXPIRY,5,46737.08404855519,2025
SENSEX,2025-10-07,2025-10-14,81900,81926.75,82029.9765625,7.932716631699364,8.06374604898091,360.0064211077952,745.2840970457694,385.2776759379742,1,3852.776759379742,1113.2311731618404,28.894255823456,EXPIRY,5,47850.31522171703,2025
SENSEX,2025-10-28,2025-11-03,84600,84628.15625,83978.4921875,6.8827690357655875,7.6396310903626645,322.6566753786587,667.9627775121555,345.30610213349684,2,6906.1220426699365,2139.180444833197,30.97513237698563,TARGET,4,49989.495666550225,2025
SENSEX,2025-11-18,2025-11-25,84700,84673.0234375,84587.0078125,6.746948679530668,7.031920489649772,316.45725259204323,655.1287530536189,338.67150046157565,2,6773.430009231513,2157.683088086094,31.8551027344401,TARGET,5,52147.17875463632,2025
SENSEX,2025-12-08,2025-12-15,85100,85102.6875,85213.359375,7.820515503703153,7.98397572115161,368.67291731202613,763.2254486979026,394.5525313858765,1,3945.525313858765,1162.1687204029172,29.455360895056685,EXPIRY,5,53309.347475039234,2025
SENSEX,2025-12-17,2025-12-24,84600,84559.6484375,85408.703125,7.915034734374143,6.694513338015751,370.74779166677786,767.520846694433,396.7730550276551,2,7935.461100553102,649.713136766411,8.187465460842924,EXPIRY,5,53959.060611805646,2025
SENSEX,2025-12-29,2026-01-05,84700,84695.5390625,85439.6171875,6.954410981224865,7.337449109296079,326.2747518304143,675.452907363428,349.17815553301375,2,6983.563110660275,2429.530355346335,34.789266121726655,TARGET,5,56388.590967151984,2026
SENSEX,2026-01-07,2026-01-14,85000,84961.140625,83382.7109375,6.809866928858457,7.296164125425962,320.4952068800326,663.4881126066397,342.9929057266071,2,6859.858114532142,-2292.462979725943,-33.41851888845218,EXPIRY,5,54096.12798742604,2026
SENSEX,2026-01-19,2026-01-27,83200,83246.1796875,81857.4765625,7.460700017743806,8.576999709521044,344.0380435577654,712.2264148882158,368.1883713304504,2,7363.767426609009,-2092.7830716160724,-28.42000501066602,EXPIRY,5,52003.34491580997,2026
SENSEX,2026-02-09,2026-02-16,84100,84065.75,83277.1484375,12.813073210340711,13.721049515889149,596.6710663324873,1235.2264593963803,638.555393063893,1,6385.55393063893,2192.9421402572575,34.34223818446139,TARGET,5,54196.28705606722,2026
SENSEX,2026-02-18,2026-02-25,83700,83734.25,82276.0703125,12.81440607491816,14.176917238050349,594.3800115127866,1230.483525319458,636.1035138066715,1,6361.035138066714,-1982.555560249308,-31.167184541789194,EXPIRY,5,52213.73149581791,2026
SENSEX,2026-05-26,2026-06-03,76000,76009.703125,74346.171875,13.6040245598327,13.955073277460889,572.7947420217056,1185.7977721247032,613.0030301029976,1,6130.030301029976,-2235.467455083124,-36.46747805973354,EXPIRY,5,49978.264040734786,2026
SENSEX,2026-06-16,2026-06-23,76800,76808.4765625,76200.6796875,13.341372280476504,13.545956397815672,567.6390092751093,1175.1243913199044,607.4853820447951,1,6074.853820447951,1674.5179768610558,27.564745199705555,EXPIRY,5,51652.78201759584,2026
SENSEX,2026-07-07,2026-07-10,78200,78180.71875,77569.390625,11.79053873851982,14.86760961888646,510.6177262643474,1057.0791206541842,546.4613943898368,1,5464.613943898367,2252.8137721260864,41.225488117811395,TARGET,3,53905.59578972193,2026
SENSEX,2026-07-27,2026-08-03,76800,76835.78125,78639.03125,12.767064374623708,12.98299142695614,543.3968777980172,1124.9384112677328,581.5415334697157,1,5815.415334697156,-66.68194302975962,-1.1466411114595334,EXPIRY,5,53838.913846692165,2026
SENSEX,2026-08-05,2026-08-12,78600,78581.0,77966.3515625,10.198144471770597,9.77607809948709,443.91650280398966,918.9944694262108,475.07796662222114,1,4750.779666222212,971.5102023451362,20.449489780646356,EXPIRY,5,54810.4240490373,2026
