iteration,score,win_rate,profit_factor,total_return,max_drawdown,avg_trades_per_day,total_trades,avg_win,avg_loss,total_pnl
1,26,0.0,0.0,-0.32332622052792315,-0.07008852092083076,0.16666666666666666,5,0.0,-32.33262205279232,-161.66311026396158
1,26,0.0,0.0,-0.16747895287385703,-0.167478952873862,0.13333333333333333,4,0.0,-20.934869109232128,-83.73947643692851
1,26,18.181818181818183,0.18465092026010418,-0.43209337552838206,-0.4320933755283622,0.36666666666666664,11,24.46388958182892,-29.441607436427653,-216.04668776419103
1,26,0.0,0.0,-0.08013602642757456,-0.08013602642758633,0.13333333333333333,4,0.0,-10.01700330344682,-40.06801321378728
1,26,20.0,0.0035078252779111095,-0.18078440372866672,-0.18078440372867044,0.16666666666666666,5,0.3181962273955463,-22.677599522932226,-90.39220186433336
1,26,0.0,0.0,-0.2652335870731614,0.0,0.16666666666666666,5,0.0,-26.52335870731614,-132.6167935365807
1,26,16.666666666666664,0.009031605576772041,-0.2241614097047376,-0.2261997773763629,0.2,6,1.0214944540005888,-22.62043986127388,-112.08070485236881
1,26,0.0,0.0,-0.054860774643888235,-0.05486077464389382,0.03333333333333333,1,0.0,-27.43038732194412,-27.43038732194412
1,26,0.0,0.0,-0.15225247420991228,-0.1522524742099049,0.13333333333333333,4,0.0,-19.031559276239033,-76.12623710495613
1,26,25.0,0.09881552326537958,-0.20241851199552208,-0.1429175875403384,0.26666666666666666,8,5.548833701040108,-18.71782056664021,-101.20925599776103
1,26,0.0,0.0,-0.1471670809652524,-0.1471670809652569,0.16666666666666666,5,0.0,-14.716708096525242,-73.5835404826262
1,26,0.0,0.0,-0.23139249400432163,-0.14156756246172256,0.16666666666666666,5,0.0,-23.139249400432163,-115.69624700216082
1,26,23.076923076923077,0.13327992868242444,-0.21557535599421176,-0.17346383538992732,0.43333333333333335,13,5.525018788922822,-12.436273436387435,-107.78767799710587
1,26,0.0,0.0,-0.16546294391985583,-0.053061945367691384,0.16666666666666666,5,0.0,-16.546294391985583,-82.73147195992792
1,26,0.0,0.0,-0.15656299348498173,-0.15656299348498579,0.1,3,0.0,-26.09383224749696,-78.28149674249087
1,26,0.0,0.0,-0.3252319524628254,-0.09908001950155412,0.16666666666666666,5,0.0,-32.52319524628253,-162.61597623141267
1,26,0.0,0.0,-0.25119650002223237,-0.25119650002222627,0.16666666666666666,5,0.0,-25.119650002223235,-125.59825001111618
1,26,22.22222222222222,0.11811325888639208,-0.20758094309906067,-0.19010005426132323,0.3,9,6.95045648412302,-16.813054931110912,-103.79047154953034
1,26,0.0,0.0,-0.07459587399681072,-0.07459587399680459,0.06666666666666667,2,0.0,-18.64896849920268,-37.29793699840536
1,26,0.0,0.0,-0.11075267106436311,-0.008098452381628018,0.16666666666666666,5,0.0,-11.07526710643631,-55.37633553218156
1,26,0.0,0.0,-0.1883855873308562,0.0,0.16666666666666666,5,0.0,-18.83855873308562,-94.1927936654281
1,26,0.0,0.0,-0.3030807461355206,-0.2825202105727048,0.16666666666666666,5,0.0,-30.30807461355206,-151.5403730677603
1,26,0.0,0.0,-0.055846068609326734,-0.05584606860933127,0.03333333333333333,1,0.0,-27.923034304663368,-27.923034304663368
1,26,0.0,0.0,-0.20803770970572338,-0.05154407314361396,0.16666666666666666,5,0.0,-20.803770970572337,-104.01885485286168
1,26,0.0,0.0,-0.1781197524173793,0.0,0.16666666666666666,5,0.0,-17.81197524173793,-89.05987620868964
1,26,0.0,0.0,-0.18698363029925832,-0.12523297065618763,0.16666666666666666,5,0.0,-18.698363029925833,-93.49181514962916
1,26,0.0,0.0,-0.26990889506499494,-0.20345412359303439,0.16666666666666666,5,0.0,-26.990889506499496,-134.95444753249748
1,26,33.33333333333333,0.30793057678253594,-0.01783112605410924,-0.01783112605410861,0.1,3,3.9669061703356334,-6.441234598695127,-8.91556302705462
1,26,0.0,0.0,-0.1425581943817959,-0.14255819438179607,0.13333333333333333,4,0.0,-17.819774297724486,-71.27909719089794
1,26,0.0,0.0,-0.32945089326447474,-0.32945089326446764,0.13333333333333333,4,0.0,-41.181361658059345,-164.72544663223738
2,26,0.0,0.0,-0.1378759429021809,-0.011302078388264344,0.16666666666666666,5,0.0,-13.78759429021809,-68.93797145109045
2,26,0.0,0.0,-0.29209451363124866,0.0,0.2,6,0.0,-24.341209469270723,-146.04725681562434
2,26,0.0,0.0,-0.21097446263745406,-0.21097446263747405,0.16666666666666666,5,0.0,-21.097446263745404,-105.48723131872703
2,26,20.0,0.2772942994555754,-0.34588628106267605,-0.43722148075787226,0.3333333333333333,10,33.178198928802175,-29.912442298617798,-172.943140531338
2,26,22.22222222222222,0.1929030216823979,-0.16064368126136164,-0.16064368126135378,0.3,9,9.598800504152756,-14.21706309128376,-80.32184063068081
2,26,28.57142857142857,0.08439656645961012,-0.22200693757145062,-0.23061633189535788,0.23333333333333334,7,5.115922072505237,-24.24706258614716,-111.00346878572532
2,26,0.0,0.0,-0.12730641967115983,-0.12730641967116388,0.13333333333333333,4,0.0,-15.913302458894979,-63.653209835579915
2,26,0.0,0.0,-0.1226587293753655,-0.12265872937535459,0.13333333333333333,4,0.0,-15.332341171920687,-61.32936468768275
2,26,33.33333333333333,0.8417697829284517,-0.008391701437254071,-0.05301109327983711,0.1,3,22.321528807748535,-13.258689763187785,-4.195850718627035
2,26,0.0,0.0,-0.21048958876095958,-0.06503388975789436,0.16666666666666666,5,0.0,-21.04895887609596,-105.24479438047979
2,26,0.0,0.0,-0.1178386505071889,-0.11783865050718305,0.06666666666666667,2,0.0,-29.459662626797225,-58.91932525359445
2,26,0.0,0.0,-0.013101841335943085,-0.013101841335941571,0.03333333333333333,1,0.0,-6.550920667971543,-6.550920667971543
2,26,12.5,0.0049995852037666745,-0.35206686438759444,-0.3191366982715631,0.26666666666666666,8,0.8845163578596171,-25.27399265023669,-176.0334321937972
2,26,0.0,0.0,-0.044789649292599806,-0.04478964929260837,0.06666666666666667,2,0.0,-11.197412323149951,-22.394824646299902
2,26,16.666666666666664,0.0010752051682805127,-0.30487994755277475,-0.13489093816201134,0.2,6,0.16408066803920818,-30.520810888885315,-152.43997377638738
2,26,0.0,0.0,-0.30487201683202725,-0.11658870329884227,0.16666666666666666,5,0.0,-30.487201683202727,-152.43600841601364
2,26,0.0,0.0,-0.22336558354330446,-0.22336558354331648,0.13333333333333333,4,0.0,-27.92069794291306,-111.68279177165223
2,26,0.0,0.0,-0.28502838354924953,-0.09583750534319667,0.16666666666666666,5,0.0,-28.502838354924954,-142.51419177462478
2,26,18.181818181818183,0.042204195796988545,-0.37760224139901477,-0.21992419647307337,0.36666666666666664,11,4.15965460995273,-21.902269991045873,-188.80112069950738
2,26,0.0,0.0,-0.08496432670644762,-0.084964326706453,0.13333333333333333,4,0.0,-10.620540838305953,-42.48216335322381
2,26,0.0,0.0,-0.34376442149871383,-0.29250517211120575,0.16666666666666666,5,0.0,-34.37644214987138,-171.88221074935691
2,26,0.0,0.0,-0.20384970767765453,-0.11953332280796303,0.16666666666666666,5,0.0,-20.384970767765456,-101.92485383882727
2,26,0.0,0.0,-0.20589018252509544,-0.1549913099771979,0.13333333333333333,4,0.0,-25.736272815636934,-102.94509126254773
2,26,16.666666666666664,0.013341871293233193,-0.19044756104198704,-0.19044756104197585,0.2,6,1.2876429908213538,-19.302284702362975,-95.22378052099351
2,26,0.0,0.0,-0.08930633835280731,-0.009094452971411883,0.16666666666666666,5,0.0,-8.93063383528073,-44.65316917640365
2,26,22.22222222222222,0.058443078964001714,-0.31941769775509715,-0.2553797096246621,0.3,9,4.956618478217063,-24.231726547711812,-159.70884887754858
2,26,0.0,0.0,-0.2376216270897336,-0.23762162708972756,0.16666666666666666,5,0.0,-23.76216270897336,-118.8108135448668
2,26,12.5,0.1242870229400165,-0.31237880655278943,-0.22861401927143588,0.26666666666666666,8,22.16744122391951,-25.479549214330603,-156.18940327639473
2,26,12.5,0.01556881481190905,-0.33952701450452516,-0.24448545407669678,0.26666666666666666,8,2.684816009486397,-24.635474751678423,-169.76350725226257
3,51,100.0,0.0,0.014968836465426955,0.0,0.06666666666666667,2,3.7422091163567384,0.0,7.484418232713477
3,26,16.666666666666664,0.13796548016009846,-0.33404625102342705,-0.23372409847725378,0.4,12,13.365720965178758,-19.375456744207106,-167.02312551171352
3,26,0.0,0.0,-0.2546079495554016,-0.2076371703635583,0.16666666666666666,5,0.0,-25.460794955540162,-127.30397477770082
3,26,16.666666666666664,0.03560595854260134,-0.219952723686492,-0.21995272368648147,0.2,6,4.06038777939683,-22.80734992452857,-109.976361843246
3,26,11.11111111111111,0.006850330915033509,-0.38579516839619854,-0.3857951683962019,0.3,9,1.330526833568797,-24.278513878958513,-192.89758419809928
3,26,0.0,0.0,-0.2022156603697249,-0.13818310512925036,0.16666666666666666,5,0.0,-20.221566036972494,-101.10783018486246
3,26,0.0,0.0,-0.25473841417670495,0.0,0.16666666666666666,5,0.0,-25.473841417670492,-127.36920708835245
3,26,33.33333333333333,0.4669055784464963,-0.018598890208522862,-0.03488854780045222,0.1,3,8.144828795963761,-8.722136950112596,-9.29944510426143
3,26,0.0,0.0,-0.11491323738940615,-0.11491323738939535,0.06666666666666667,2,0.0,-28.728309347351537,-57.456618694703074
3,26,0.0,0.0,-0.19952248017091032,-0.19952248017092644,0.16666666666666666,5,0.0,-19.95224801709103,-99.76124008545514
3,26,0.0,0.0,-0.1540943636356655,-0.026184649744683902,0.16666666666666666,5,0.0,-15.40943636356655,-77.04718181783275
3,26,12.5,0.015899840805330683,-0.25829361494903696,-0.2582936149490124,0.26666666666666666,8,2.086590130258621,-18.747628229253873,-129.14680747451848
3,26,16.666666666666664,0.03720446151656405,-0.1824934397924936,0.0,0.2,6,3.525966774046303,-18.95453733405862,-91.2467198962468
3,26,20.0,0.2641617742203417,-0.226165055983123,-0.25394207187150464,0.3333333333333333,10,20.297994981112417,-19.20981474422329,-113.08252799156149
3,26,40.0,0.12443195523135114,-0.13930984903990407,-0.06830883063435444,0.16666666666666666,5,4.94952876666483,-26.517994017760568,-69.65492451995203
3,26,0.0,0.0,-0.302180541159426,-0.22701196971462584,0.16666666666666666,5,0.0,-30.218054115942596,-151.09027057971298
3,26,0.0,0.0,-0.16418338357856077,-0.08470204862747037,0.16666666666666666,5,0.0,-16.41833835785608,-82.09169178928039
3,26,16.666666666666664,0.10272627321598157,-0.20047256810845365,-0.12793909470828826,0.2,6,11.475762183313982,-22.34240924750816,-100.23628405422683
3,26,20.0,0.1722429915776558,-0.12076068119452898,-0.12076068119452976,0.16666666666666666,5,12.564182956025434,-18.236130888322485,-60.38034059726449
3,26,33.33333333333333,0.19015513692313893,-0.07583259531508547,-0.09362175220831903,0.2,6,4.451456755121903,-11.704802791946637,-37.91629765754274
3,26,0.0,0.0,-0.13773400352425175,-0.08129856066612541,0.1,3,0.0,-22.955667254041956,-68.86700176212587
3,26,16.666666666666664,0.015494868672466163,-0.21287170201475294,-0.21287170201475963,0.2,6,1.6751660107425081,-21.622203403623796,-106.43585100737647
3,26,0.0,0.0,-0.265119108003892,-0.08724884432281627,0.16666666666666666,5,0.0,-26.5119108003892,-132.559554001946
3,26,0.0,0.0,-0.2263933196965951,0.0,0.16666666666666666,5,0.0,-22.63933196965951,-113.19665984829754
3,26,16.666666666666664,0.016658231711441866,-0.27405663972619165,-0.2786863384624771,0.2,6,2.3213185658551083,-27.869927685790184,-137.02831986309582
3,26,28.57142857142857,0.10611279309115537,-0.20201607153901008,-0.20274081822824114,0.23333333333333334,7,5.995300479362671,-22.59972734564608,-101.00803576950504
3,26,20.0,0.0009347287342389277,-0.219289930311926,-0.21928993031191932,0.16666666666666666,5,0.10258418788399837,-27.43688733596175,-109.644965155963
3,26,0.0,0.0,-0.09126092503226789,-0.09126092503227119,0.06666666666666667,2,0.0,-22.815231258066973,-45.630462516133946
3,26,0.0,0.0,-0.011990208342294046,-0.011990208342293045,0.06666666666666667,2,0.0,-2.9975520855735116,-5.995104171147023
3,26,11.11111111111111,0.040302648859775726,-0.13651906571461372,-0.08523871867486567,0.3,9,2.8665703628459838,-8.890762902519105,-68.25953285730687
4,26,16.666666666666664,0.036635501225621016,-0.2863183903646627,-0.11261043480879968,0.2,6,5.444158340102518,-29.72067070448677,-143.15919518233136
4,26,0.0,0.0,-0.1908204672775503,-0.19082046727754642,0.1,3,0.0,-31.803411212925052,-95.41023363877515
4,26,14.285714285714285,0.2106564784455919,-0.24154391155195745,-0.2793230845598126,0.23333333333333334,7,32.231080897014515,-25.500506112165542,-120.77195577597873
4,26,25.0,0.08859423323341369,-0.28051290375779403,-0.28051290375778626,0.26666666666666666,8,6.816893892570892,-25.6483732773398,-140.25645187889702
4,26,0.0,0.0,-0.11720499345188037,-0.11720499345188727,0.1,3,0.0,-19.5341655753134,-58.60249672594019
4,26,11.11111111111111,0.015519663288442682,-0.37992183320480544,-0.37375811591677444,0.3,9,2.994604720578593,-24.11944016537267,-189.96091660240273
4,26,0.0,0.0,-0.224628809276772,-0.16792008103812556,0.16666666666666666,5,0.0,-22.4628809276772,-112.31440463838601
4,26,12.5,0.2667755868262289,-0.2697435049695581,-0.16855204015691438,0.26666666666666666,8,49.07159427448252,-26.277620965608797,-134.87175248477905
4,26,20.0,0.027801667414063803,-0.3888042655641845,-0.3888042655641911,0.3333333333333333,10,2.7796300708603905,-24.99517411547663,-194.40213278209225
4,26,0.0,0.0,-0.16680849917037363,-0.11655524272810942,0.16666666666666666,5,0.0,-16.680849917037364,-83.40424958518682
4,26,0.0,0.0,-0.29313845956730233,-0.2689942776066734,0.16666666666666666,5,0.0,-29.313845956730233,-146.56922978365117
4,26,18.181818181818183,0.037509683680737406,-0.4146946821922014,-0.2986373235223109,0.36666666666666664,11,4.040317624336938,-23.936441816086067,-207.34734109610073
4,26,0.0,0.0,-0.24856663121764697,-0.23653188735824648,0.16666666666666666,5,0.0,-24.856663121764697,-124.28331560882349
4,26,0.0,0.0,-0.1858056049389013,-0.12773189071953855,0.16666666666666666,5,0.0,-18.58056049389013,-92.90280246945065
4,26,0.0,0.0,-0.37991367635062856,-0.3799136763506249,0.13333333333333333,4,0.0,-47.489209543828565,-189.95683817531426
4,26,0.0,0.0,-0.11799658456091569,-0.0919026917887366,0.16666666666666666,5,0.0,-11.79965845609157,-58.998292280457854
4,26,0.0,0.0,-0.16226147456918197,-0.1622614745691826,0.16666666666666666,5,0.0,-16.2261474569182,-81.13073728459099
4,26,12.5,0.12936234437163893,-0.3602870182193446,-0.2891255951985713,0.26666666666666666,8,26.76634362310228,-29.558550390396366,-180.14350910967232
4,26,33.33333333333333,0.8634268210577606,-0.012877096618527234,-0.09428715592813386,0.1,3,40.705029654801024,-23.57178898203232,-6.438548309263616
4,26,0.0,0.0,-0.249986523814955,-0.13912283193294736,0.16666666666666666,5,0.0,-24.998652381495496,-124.99326190747749
4,26,0.0,0.0,-0.4145268115149356,-0.29222064060918224,0.16666666666666666,5,0.0,-41.452681151493564,-207.2634057574678
4,26,27.77777777777778,0.24581827963233638,-0.37620023099863503,-0.31920853779505776,0.6,18,12.261884779743735,-19.18534918446432,-188.10011549931752
4,26,25.0,0.06708193296915958,-0.2813116358458246,-0.28910664822291304,0.26666666666666666,8,5.056962922616011,-25.128290628024047,-140.6558179229123
4,26,0.0,0.0,-0.2250701447485863,-0.1237809266459159,0.16666666666666666,5,0.0,-22.50701447485863,-112.53507237429315
4,26,0.0,0.0,-0.2501524250891553,-0.25015242508915253,0.13333333333333333,4,0.0,-31.269053136144414,-125.07621254457766
4,26,0.0,0.0,-0.3265136143962298,-0.2699457515344679,0.16666666666666666,5,0.0,-32.65136143962298,-163.2568071981149
4,26,0.0,0.0,-0.2949328563667127,-0.29493285636672223,0.16666666666666666,5,0.0,-29.493285636671267,-147.46642818335633
4,26,16.666666666666664,0.002609031899468644,-0.2510633667165116,-0.15959791836681297,0.2,6,0.32837290165101507,-25.172011251981363,-125.5316833582558
4,26,14.285714285714285,0.06751705677019161,-0.2146274337706111,-0.21462743377061272,0.23333333333333334,7,7.770122089385829,-19.180639829115233,-107.31371688530555
5,31,50.0,0.13346564245596065,-0.05294958286238806,-0.061100018128137056,0.06666666666666667,2,4.077709113885071,-30.552500545079102,-26.47479143119403
5,26,11.11111111111111,0.03977356357228408,-0.27418728128630787,-0.26810691862090236,0.3,9,5.678559165442039,-17.8465249760745,-137.09364064315395
5,26,0.0,0.0,-0.12811845237952474,-0.12811845237952366,0.1,3,0.0,-21.353075396587457,-64.05922618976237
5,26,0.0,0.0,-0.33769579914614667,-0.20556429062760145,0.16666666666666666,5,0.0,-33.76957991461467,-168.84789957307333
5,26,0.0,0.0,-0.18144621369415165,-0.09240853098175737,0.16666666666666666,5,0.0,-18.144621369415166,-90.72310684707583
5,26,0.0,0.0,-0.19857605230019873,-0.19857605230021,0.16666666666666666,5,0.0,-19.857605230019875,-99.28802615009937
5,26,16.666666666666664,0.03307618209894812,-0.28574174930086044,-0.22421792401312723,0.2,6,4.887275480328697,-29.55163002615178,-142.8708746504302
5,26,0.0,0.0,-0.2127666902813827,-0.21276669028137984,0.16666666666666666,5,0.0,-21.27666902813827,-106.38334514069135
5,26,0.0,0.0,-0.16586754712382776,-0.1359089897197726,0.16666666666666666,5,0.0,-16.586754712382778,-82.93377356191388
5,26,0.0,0.0,-0.15101311949652257,-0.13088894102916435,0.16666666666666666,5,0.0,-15.101311949652256,-75.50655974826128
5,26,14.285714285714285,0.05277697637344775,-0.16315781976628307,-0.1057888787866106,0.23333333333333334,7,4.545379590743188,-14.354048245647453,-81.57890988314153
5,26,10.0,0.0031265194053598407,-0.30830955544411237,-0.2685353546916327,0.3333333333333333,10,0.48347951205347073,-17.182028581567742,-154.1547777220562
5,26,25.0,0.09640182170168363,-0.4074071255349239,-0.3986970274537243,0.4,12,7.2441471624361204,-25.048444917196704,-203.70356276746196
5,26,25.0,0.2684977774529394,-0.05655552343650218,-0.05521272675104959,0.13333333333333333,4,10.379348057559419,-12.885703258603504,-28.27776171825109
5,26,30.76923076923077,0.15858781871764183,-0.3267670981510981,-0.15125582851583907,0.43333333333333335,13,7.698557626878206,-21.57530884256243,-163.38354907554904
5,26,0.0,0.0,-0.060793852145055324,-0.04725947926510559,0.13333333333333333,4,0.0,-7.599231518131915,-30.39692607252766
5,26,0.0,0.0,-0.2119917295435462,-0.14972270647637412,0.16666666666666666,5,0.0,-21.19917295435462,-105.9958647717731
5,26,0.0,0.0,-0.06760844567284383,-0.06760844567284222,0.1,3,0.0,-11.268074278807305,-33.804222836421914
5,26,0.0,0.0,-0.2865821179225515,0.0,0.16666666666666666,5,0.0,-28.658211792255152,-143.29105896127575
5,26,0.0,0.0,-0.11458240821160483,-0.114582408211616,0.16666666666666666,5,0.0,-11.458240821160484,-57.291204105802414
5,26,0.0,0.0,-0.22873372635993705,-0.2287337263599329,0.16666666666666666,5,0.0,-22.873372635993707,-114.36686317996853
5,26,27.27272727272727,0.06321983594880867,-0.2439274824703418,-0.21906035832276763,0.36666666666666664,11,2.7436275903642717,-16.27432800078296,-121.96374123517089
5,26,0.0,0.0,-0.09123045501826582,-0.09123045501827437,0.1,3,0.0,-15.205075836377636,-45.61522750913291
5,26,19.047619047619047,0.15152880080251457,-0.47788217743227274,-0.4670951587884587,0.7,21,10.668145444962878,-16.565510029175755,-238.94108871613636
5,26,15.384615384615385,0.1358960098264365,-0.29508710420198486,-0.23734806029225486,0.43333333333333335,13,11.601948512074607,-15.522495375012879,-147.54355210099243
5,26,0.0,0.0,-0.1972822997924224,-0.18526796561670783,0.16666666666666666,5,0.0,-19.72822997924224,-98.6411498962112
5,26,0.0,0.0,-0.2078135937282741,-0.20781359372827865,0.06666666666666667,2,0.0,-51.953398432068525,-103.90679686413705
5,26,0.0,0.0,-0.3286582126290528,0.0,0.16666666666666666,5,0.0,-32.86582126290528,-164.3291063145264
5,26,0.0,0.0,-0.11400755307778372,-0.11400755307779764,0.16666666666666666,5,0.0,-11.400755307778372,-57.003776538891856
5,26,0.0,0.0,-0.23827951573818407,-0.1044614176892707,0.16666666666666666,5,0.0,-23.827951573818407,-119.13975786909204
6,51,100.0,0.0,0.029266144400990724,0.0,0.03333333333333333,1,14.633072200495363,0.0,14.633072200495363
6,26,0.0,0.0,-0.15651663280957218,-0.15651663280956563,0.1,3,0.0,-26.08610546826203,-78.25831640478609
6,26,0.0,0.0,-0.25989623678869533,-0.2598962367886998,0.16666666666666666,5,0.0,-25.98962367886953,-129.94811839434766
6,26,0.0,0.0,-0.0772004884709822,-0.07720048847097497,0.06666666666666667,2,0.0,-19.30012211774555,-38.6002442354911
6,26,0.0,0.0,-0.16246358143789202,-0.16246358143788528,0.1,3,0.0,-27.077263572982,-81.231790718946
6,26,18.181818181818183,0.092203703196369,-0.35517971037132967,-0.3148690893264961,0.36666666666666664,11,9.018786679280328,-21.73638094935839,-177.58985518566485
6,26,0.0,0.0,-0.22696593160517597,0.0,0.16666666666666666,5,0.0,-22.696593160517597,-113.48296580258798
6,26,0.0,0.0,-0.3675801899542297,-0.022871804913627457,0.16666666666666666,5,0.0,-36.75801899542297,-183.79009497711485
6,26,0.0,0.0,-0.13775778093041974,-0.10564510626720379,0.16666666666666666,5,0.0,-13.775778093041975,-68.87889046520988
6,26,0.0,0.0,-0.20162973406896326,0.0,0.16666666666666666,5,0.0,-20.162973406896327,-100.81486703448164
6,26,0.0,0.0,-0.1174692297018237,-0.11746922970181913,0.06666666666666667,2,0.0,-29.367307425455927,-58.73461485091185
6,26,0.0,0.0,-0.18097604532751035,-0.11287978524386999,0.16666666666666666,5,0.0,-18.097604532751035,-90.48802266375517
6,26,0.0,0.0,-0.3236878233294209,-0.07809766850486216,0.16666666666666666,5,0.0,-32.36878233294209,-161.84391166471045
6,26,25.0,0.07563196060367745,-0.12559663138988156,-0.13587297054527153,0.13333333333333333,4,5.138169577692082,-22.64549509087762,-62.79831569494078
6,26,16.666666666666664,0.1700590861614574,-0.17894555110858668,-0.215533369283654,0.2,6,18.333423733406136,-21.561239857539896,-89.47277555429334
6,26,12.5,0.05855309228521658,-0.3883439594378797,-0.22890454951917832,0.26666666666666666,8,12.076485412527056,-29.464066447352415,-194.17197971893984
6,26,0.0,0.0,-0.16862675528076687,-0.11288717553913966,0.16666666666666666,5,0.0,-16.862675528076686,-84.31337764038344
6,26,0.0,0.0,-0.1900945458368616,-0.1359134516289262,0.16666666666666666,5,0.0,-19.00945458368616,-95.0472729184308
6,26,25.0,0.25139638339945936,-0.1811033184582231,-0.12302976053546003,0.26666666666666666,8,15.204548265738689,-20.160125960098156,-90.55165922911155
6,26,0.0,0.0,-0.1635712846507282,-0.16295809281804907,0.13333333333333333,4,0.0,-20.446410581341027,-81.78564232536411
6,26,0.0,0.0,-0.1672410663913501,-0.16724106639134698,0.16666666666666666,5,0.0,-16.724106639135012,-83.62053319567507
6,26,11.11111111111111,0.05206609302319277,-0.33566930060559624,-0.03652575111258418,0.3,9,9.218463914904902,-22.131639277212884,-167.83465030279814
6,26,11.11111111111111,0.0052188177499355405,-0.3366899907913956,-0.3366899907913903,0.3,9,0.8831709583575886,-21.153520794256924,-168.3449953956978
6,26,0.0,0.0,-0.16768744335206612,-0.16768744335208613,0.16666666666666666,5,0.0,-16.768744335206613,-83.84372167603306
6,26,20.0,0.06352060124506587,-0.19379215077961173,-0.19379215077961273,0.16666666666666666,5,6.5723783942612535,-25.86711344601678,-96.89607538980587
6,26,14.285714285714285,0.137711943521945,-0.22373605647307593,-0.19545974990498602,0.23333333333333334,7,17.86591321854118,-21.622323575846526,-111.86802823653798
6,26,12.5,0.1202499841257049,-0.21167776832705223,-0.19596043818127284,0.26666666666666666,8,14.466750680189676,-17.18651926338797,-105.83888416352613
6,26,0.0,0.0,-0.21943672387697613,-0.12565280348960478,0.16666666666666666,5,0.0,-21.943672387697614,-109.71836193848807
6,26,0.0,0.0,-0.028362799429404645,-0.02836279942940746,0.06666666666666667,2,0.0,-7.0906998573511615,-14.181399714702323
6,26,16.666666666666664,0.004186810700160769,-0.2445563935341997,-0.24558208469137766,0.2,6,0.5141081360659783,-24.558460980633164,-122.27819676709986
7,26,0.0,0.0,-0.24259036295657185,-0.05171147876338611,0.16666666666666666,5,0.0,-24.25903629565719,-121.29518147828594
7,26,0.0,0.0,-0.2971872458109631,0.0,0.16666666666666666,5,0.0,-29.718724581096314,-148.59362290548157
7,26,20.0,0.027525630274279976,-0.34526335771344546,-0.3452633577134402,0.3333333333333333,10,2.4431470451908144,-22.189746618388043,-172.63167885672271
7,26,10.0,0.007318250521031016,-0.3916394044318369,-0.2862534303153389,0.3333333333333333,10,1.4436224283582888,-21.918147182697414,-195.81970221591848
7,26,0.0,0.0,-0.1559343511289919,-0.06744615316830142,0.16666666666666666,5,0.0,-15.59343511289919,-77.96717556449595
7,26,0.0,0.0,-0.10546612384610618,-0.021474315167675534,0.16666666666666666,5,0.0,-10.546612384610619,-52.73306192305309
7,26,0.0,0.0,-0.2136450575485956,-0.05146133904897226,0.16666666666666666,5,0.0,-21.364505754859557,-106.8225287742978
7,26,10.0,0.0067219473784370645,-0.3319857745454728,-0.3319857745454647,0.3333333333333333,10,1.1233465297025802,-18.56847042249322,-165.9928872727364
7,26,0.0,0.0,-0.07076337569391715,-0.07076337569391762,0.06666666666666667,2,0.0,-17.690843923479285,-35.38168784695857
7,26,0.0,0.0,-0.20364483131324213,-0.19209573043924247,0.16666666666666666,5,0.0,-20.364483131324214,-101.82241565662106
7,26,15.384615384615385,0.045180965120850555,-0.4457768758705097,-0.30193999260563614,0.43333333333333335,13,5.273415365807095,-21.22138806062446,-222.88843793525487
7,26,21.428571428571427,0.01928219445815714,-0.5832304470909454,-0.5306730353657615,0.4666666666666667,14,1.9111788717707274,-27.03170546916226,-291.6152235454727
7,26,18.181818181818183,0.10644586408634521,-0.40988246551172763,-0.36689850715098266,0.36666666666666664,11,12.206952959438118,-25.483904297193337,-204.9412327558638
7,26,11.11111111111111,0.022414107838088247,-0.30665686239294404,-0.14698342584002652,0.3,9,3.5155171724935386,-19.60549354612069,-153.32843119647202
7,26,0.0,0.0,-0.19819428639946288,0.0,0.16666666666666666,5,0.0,-19.81942863994629,-99.09714319973145
7,26,16.666666666666664,0.055535448285794695,-0.11594878812675107,-0.12275832182275567,0.2,6,3.4089516197968805,-12.276669136634483,-57.974394063375534
7,26,0.0,0.0,-0.07401335633599722,-0.068480964458531,0.16666666666666666,5,0.0,-7.401335633599722,-37.00667816799861
7,26,0.0,0.0,-0.21610841619259558,-0.1881499394285075,0.16666666666666666,5,0.0,-21.61084161925956,-108.0542080962978
7,26,0.0,0.0,-0.26776417568906563,-0.104926259966834,0.16666666666666666,5,0.0,-26.77641756890656,-133.8820878445328
7,26,0.0,0.0,-0.08369981798157206,-0.08369981798157096,0.03333333333333333,1,0.0,-41.84990899078603,-41.84990899078603
7,26,0.0,0.0,-0.11323352198921208,-0.11323352198921204,0.1,3,0.0,-18.872253664868676,-56.61676099460603
7,26,0.0,0.0,-0.22331938815851193,-0.223319388158503,0.16666666666666666,5,0.0,-22.331938815851196,-111.65969407925597
7,26,0.0,0.0,-0.28962216194815654,-0.28962216194816576,0.16666666666666666,5,0.0,-28.962216194815653,-144.81108097407827
7,26,0.0,0.0,-0.27298199047905203,-0.16628862884168694,0.16666666666666666,5,0.0,-27.298199047905207,-136.49099523952603
7,26,0.0,0.0,-0.15017413247794845,-0.07049446297892334,0.16666666666666666,5,0.0,-15.017413247794844,-75.08706623897422
7,26,0.0,0.0,-0.2004901965415625,-0.05206735973024535,0.16666666666666666,5,0.0,-20.04901965415625,-100.24509827078126
7,26,10.0,0.01340597126903995,-0.3585575326300283,-0.3585575326300313,0.3333333333333333,10,2.4360637915673067,-20.19053667850905,-179.27876631501414
7,26,0.0,0.0,-0.23354243643564881,0.0,0.16666666666666666,5,0.0,-23.35424364356488,-116.77121821782441
7,26,0.0,0.0,-0.10059659034171241,-0.06316632665667751,0.16666666666666666,5,0.0,-10.05965903417124,-50.2982951708562
8,31,50.0,0.22470287070019876,-0.07644064239716343,-0.09445028097802254,0.13333333333333333,4,5.538660964836346,-24.648821564127203,-38.220321198581715
8,26,0.0,0.0,-0.058653683689810804,-0.00822256861602062,0.06666666666666667,2,0.0,-14.663420922452701,-29.326841844905402
8,26,33.33333333333333,0.12385311997367673,-0.06703686454178992,-0.0670368645417766,0.1,3,4.738203728183095,-19.12831799953903,-33.51843227089496
8,26,0.0,0.0,-0.2388580245958339,-0.1280152720017278,0.16666666666666666,5,0.0,-23.88580245958339,-119.42901229791696
8,26,0.0,0.0,-0.3381728027011304,-0.2745095674671935,0.16666666666666666,5,0.0,-33.817280270113045,-169.0864013505652
8,26,0.0,0.0,-0.17633364363503412,-0.0733434293575798,0.16666666666666666,5,0.0,-17.63336436350341,-88.16682181751706
8,26,14.285714285714285,0.06663931633328915,-0.28991472968421583,-0.28991472968421295,0.23333333333333334,7,10.34954638608136,-25.88448520469821,-144.95736484210792
8,26,19.047619047619047,0.141767826814476,-0.7939692353442706,-0.7673394482264976,0.7,21,16.394062202672828,-27.209462734283914,-396.98461767213524
8,26,0.0,0.0,-0.14880235036675935,-0.14880235036677913,0.13333333333333333,4,0.0,-18.60029379584492,-74.40117518337968
8,26,0.0,0.0,-0.198711644017167,-0.19871164401715213,0.16666666666666666,5,0.0,-19.8711644017167,-99.3558220085835
8,26,0.0,0.0,-0.07574198181547266,-0.075396701361545,0.16666666666666666,5,0.0,-7.574198181547267,-37.870990907736335
8,26,0.0,0.0,-0.2462947156306862,-0.24629471563069094,0.16666666666666666,5,0.0,-24.62947156306862,-123.1473578153431
8,26,0.0,0.0,-0.12314353160125702,-0.12314353160123574,0.16666666666666666,5,0.0,-12.314353160125702,-61.57176580062851
8,26,0.0,0.0,-0.05086317274426023,-0.05086317274426984,0.1,3,0.0,-8.477195457376704,-25.431586372130113
8,26,25.0,0.3844214199521685,-0.12832277461709515,-0.1893358879844263,0.26666666666666666,8,20.034007366968805,-17.371567007080866,-64.16138730854757
8,26,0.0,0.0,-0.21873208257389506,-0.139254791325289,0.16666666666666666,5,0.0,-21.873208257389507,-109.36604128694754
8,26,0.0,0.0,-0.4117784194780503,-0.20399947224700363,0.16666666666666666,5,0.0,-41.17784194780503,-205.88920973902515
8,26,0.0,0.0,-0.2087235068158712,0.0,0.16666666666666666,5,0.0,-20.872350681587122,-104.36175340793561
8,26,0.0,0.0,-0.39077040093952337,-0.3413489421802146,0.16666666666666666,5,0.0,-39.077040093952334,-195.38520046976168
8,26,0.0,0.0,-0.29189892164337256,0.0,0.2,6,0.0,-24.32491013694771,-145.94946082168627
8,26,0.0,0.0,-0.2888126084538021,-0.2079522050640559,0.16666666666666666,5,0.0,-28.881260845380204,-144.40630422690103
8,26,33.33333333333333,0.3070981828741949,-0.3034918188661377,-0.3555846099065966,0.2,6,33.62734221046689,-54.750148463500665,-151.74590943306885
8,26,0.0,0.0,-0.1046486744656632,-0.10464867446565768,0.1,3,0.0,-17.4414457442772,-52.3243372328316
8,26,0.0,0.0,-0.11140356346540034,-0.0973476922291728,0.16666666666666666,5,0.0,-11.140356346540035,-55.70178173270017
8,26,0.0,0.0,-0.13577078897067255,-0.10817987380773446,0.16666666666666666,5,0.0,-13.577078897067256,-67.88539448533628
8,26,0.0,0.0,-0.02381744905327029,-0.023817449053269227,0.03333333333333333,1,0.0,-11.908724526635144,-11.908724526635144
8,26,14.285714285714285,0.0019437825740989188,-0.19118240371809112,-0.07809085984412495,0.23333333333333334,7,0.18617038716516987,-15.962895374368458,-95.59120185904555
8,26,0.0,0.0,-0.3326642366784123,-0.33266423667842177,0.13333333333333333,4,0.0,-41.58302958480154,-166.33211833920615
8,26,14.285714285714285,0.024997908892303716,-0.3968819486227241,-0.08219140566508155,0.23333333333333334,7,5.087793597139552,-33.9214613180836,-198.44097431136203
8,26,15.384615384615385,0.0796797205158218,-0.38559868608095843,-0.28454158530640233,0.43333333333333335,13,8.346114994722083,-19.04468845726576,-192.79934304047922
9,31,50.0,0.06081498082835759,-0.04669495481739141,-0.049717086646270704,0.06666666666666667,2,1.5118175460812466,-24.85929495477695,-23.347477408695703
9,26,12.5,0.10317984498587696,-0.1671835162809269,-0.12063435219414731,0.26666666666666666,8,9.617295729592641,-13.315579124293725,-83.59175814046344
9,26,0.0,0.0,-0.03082861328069441,-0.030828613280682475,0.06666666666666667,2,0.0,-7.707153320173603,-15.414306640347206
9,26,12.5,0.20826751184092784,-0.11258771451178252,-0.0705442212001902,0.26666666666666666,8,14.808261323055945,-10.157445511278173,-56.29385725589126
9,26,0.0,0.0,-0.09592110777352005,-0.09592110777352354,0.06666666666666667,2,0.0,-23.980276943380012,-47.960553886760025
9,26,0.0,0.0,-0.2580748496549328,-0.1379891598426897,0.16666666666666666,5,0.0,-25.80748496549328,-129.0374248274664
9,26,17.647058823529413,0.06434878142486694,-0.5687685532502388,-0.373908679883026,0.5666666666666667,17,6.519445598929743,-21.710186672993476,-284.3842766251194
9,26,23.076923076923077,0.14390054967733348,-0.4592044670520601,-0.33606556747602756,0.43333333333333335,13,12.8645052468637,-26.81957492666212,-229.60223352603003
9,26,0.0,0.0,-0.14301877178798364,-0.14301877178798894,0.1,3,0.0,-23.83646196466394,-71.50938589399182
9,26,0.0,0.0,-0.02487732497800181,-0.02487732497800607,0.06666666666666667,2,0.0,-6.219331244500452,-12.438662489000905
9,26,0.0,0.0,-0.08304493340989828,-0.028838202648383823,0.16666666666666666,5,0.0,-8.30449334098983,-41.522466704949146
9,26,0.0,0.0,-0.053982343247829835,-0.0539823432478297,0.03333333333333333,1,0.0,-26.991171623914916,-26.991171623914916
9,26,31.25,0.12909664040048,-0.3673620921641474,-0.2926234030007522,0.5333333333333333,16,5.445519458173997,-19.173513033903973,-183.6810460820737
9,26,0.0,0.0,-0.2560307767261348,-0.04962381329242296,0.16666666666666666,5,0.0,-25.603077672613477,-128.0153883630674
9,26,25.0,0.11903842877384814,-0.08854631630097445,-0.10051098616904346,0.13333333333333333,4,5.982334934036722,-16.75183102817465,-44.27315815048723
9,26,0.0,0.0,-0.36222068190027573,-0.36222068190027495,0.16666666666666666,5,0.0,-36.22206819002757,-181.11034095013787
9,26,0.0,0.0,-0.22486969667321918,0.0,0.16666666666666666,5,0.0,-22.48696966732192,-112.43484833660959
9,26,0.0,0.0,-0.1162202931873205,-0.07716691661196541,0.16666666666666666,5,0.0,-11.62202931873205,-58.11014659366025
9,26,0.0,0.0,-0.22325155595505153,-0.22325155595506657,0.16666666666666666,5,0.0,-22.325155595505155,-111.62577797752577
9,26,0.0,0.0,-0.12250691394074503,0.0,0.16666666666666666,5,0.0,-12.250691394074504,-61.25345697037252
9,26,0.0,0.0,-0.21825645943382546,-0.06347568343846123,0.16666666666666666,5,0.0,-21.825645943382547,-109.12822971691273
9,26,0.0,0.0,-0.17415206428517757,-0.17415206428518284,0.1,3,0.0,-29.025344047529597,-87.07603214258879
9,26,33.33333333333333,0.0012753698625478805,-0.13264933275377783,-0.13264933275377552,0.1,3,0.08469650000419549,-33.204681438446556,-66.32466637688891
9,26,14.285714285714285,0.0005723325407444162,-0.25906155585601054,-0.08093065550768416,0.23333333333333334,7,0.0741771332232588,-21.60082584353809,-129.53077792800528
9,26,0.0,0.0,-0.15471308479386114,-0.08949101677003797,0.16666666666666666,5,0.0,-15.471308479386114,-77.35654239693056
9,26,0.0,0.0,-0.1364476770646021,-0.1364476770645997,0.06666666666666667,2,0.0,-34.11191926615052,-68.22383853230104
9,26,11.11111111111111,0.0006824720869486944,-0.19418731371733264,-0.030377239857306268,0.3,9,0.06630896464329794,-12.144995727913702,-97.09365685866632
9,26,22.22222222222222,0.007257280409671694,-0.5710059922013727,-0.5710059922013897,0.3,9,1.0435610655292038,-41.08430260453497,-285.50299610068635
9,26,22.22222222222222,0.042404210492724206,-0.30078258263842095,-0.2282857895506691,0.3,9,3.3298099486495047,-22.435844459501357,-150.3912913192105
9,26,0.0,0.0,-0.37946904754279,-0.24550763397129588,0.16666666666666666,5,0.0,-37.946904754279004,-189.734523771395
10,26,0.0,0.0,-0.3360502507818785,-0.30923780936065903,0.16666666666666666,5,0.0,-33.60502507818785,-168.02512539093925
10,26,33.33333333333333,0.09760734940693414,-0.07920704564913172,-0.0877744799861539,0.1,3,4.283717168510144,-21.943619996538004,-39.603522824565864
10,26,0.0,0.0,-0.25675655389402957,-0.13767361677069953,0.16666666666666666,5,0.0,-25.675655389402955,-128.37827694701477
10,26,0.0,0.0,-0.20659516955368282,-0.14377967573480818,0.16666666666666666,5,0.0,-20.659516955368282,-103.2975847768414
10,26,0.0,0.0,-0.280095694116614,-0.28009569411662233,0.16666666666666666,5,0.0,-28.009569411661403,-140.047847058307
10,26,0.0,0.0,-0.305221389827846,-0.030009865897888156,0.16666666666666666,5,0.0,-30.5221389827846,-152.610694913923
10,26,0.0,0.0,-0.099189616313374,-0.08643500085571909,0.16666666666666666,5,0.0,-9.9189616313374,-49.594808156686994
10,26,0.0,0.0,-0.1467138448787573,-0.14671384487875913,0.13333333333333333,4,0.0,-18.339230609844662,-73.35692243937865
10,26,0.0,0.0,-0.34197407356575465,-0.12664898661157864,0.16666666666666666,5,0.0,-34.19740735657547,-170.98703678287734
10,26,25.0,0.12348335359407406,-0.13956234078382457,-0.13956234078381385,0.13333333333333333,4,9.830746481593096,-26.537305624501794,-69.78117039191228
10,26,16.666666666666664,0.11125737665884725,-0.1950381197962743,-0.19827616757350824,0.2,6,12.20793792663521,-21.94539956495447,-97.51905989813714
10,26,11.11111111111111,0.117598541424018,-0.27271858951851086,-0.08859560164016064,0.3,9,18.172742142986138,-19.3165046127802,-136.35929475925545
10,26,0.0,0.0,-0.1973607285828781,-0.18346924657090558,0.16666666666666666,5,0.0,-19.736072858287805,-98.68036429143903
10,26,16.666666666666664,0.09004954024926341,-0.15070503019566048,-0.14075725961974453,0.2,6,7.456954681954926,-16.561893955957032,-75.35251509783023
10,26,0.0,0.0,-0.09983764845939447,-0.0998376484594046,0.1,3,0.0,-16.639608076565747,-49.918824229697236
10,26,25.0,0.0009119617877564745,-0.11723591896296955,-0.1172359189629642,0.13333333333333333,4,0.05350613467360432,-19.557155205386128,-58.617959481484775
10,26,11.11111111111111,0.02564683187094835,-0.20875507632348747,-0.13913556368741833,0.3,9,2.747415680371841,-13.390619230264448,-104.37753816174374
10,26,0.0,0.0,-0.151217782399371,-0.140475933728917,0.16666666666666666,5,0.0,-15.1217782399371,-75.6088911996855
10,26,0.0,0.0,-0.21280985026288765,0.0,0.16666666666666666,5,0.0,-21.280985026288768,-106.40492513144383
10,26,0.0,0.0,-0.2998851278848111,-0.2960132887172283,0.16666666666666666,5,0.0,-29.98851278848111,-149.94256394240554
10,26,0.0,0.0,-0.20773789213235308,-0.053607143546935736,0.16666666666666666,5,0.0,-20.77378921323531,-103.86894606617655
10,26,0.0,0.0,-0.1862076541996979,-0.1379141288038588,0.13333333333333333,4,0.0,-23.27595677496224,-93.10382709984896
10,26,0.0,0.0,-0.219151650812117,-0.21915165081212762,0.16666666666666666,5,0.0,-21.915165081211697,-109.57582540605848
10,26,22.22222222222222,0.07556857190924182,-0.2908581476801429,-0.22418064006544924,0.3,9,5.944122565626859,-22.47390271018931,-145.42907384007145
10,26,0.0,0.0,-0.21252404602927602,-0.19627581904988264,0.16666666666666666,5,0.0,-21.2524046029276,-106.262023014638
10,26,0.0,0.0,-0.33913516889562006,-0.3391351688956347,0.16666666666666666,5,0.0,-33.913516889562004,-169.56758444781002
10,26,25.0,0.2824200782197818,-0.1881108485605154,-0.18856650128400687,0.13333333333333333,4,37.017674932048834,-43.691033070768846,-94.0554242802577
10,26,22.22222222222222,0.1994353236276086,-0.211565354761812,-0.26164706101522694,0.3,9,13.176201199166133,-18.876439968462613,-105.782677380906
10,26,0.0,0.0,-0.3711252487546316,-0.15398134688004822,0.16666666666666666,5,0.0,-37.11252487546316,-185.56262437731579
10,26,33.33333333333333,0.019877932511258783,-0.04651033886853646,-0.04745361869843327,0.1,3,0.47163991495128954,-11.863404674609761,-23.255169434268232
11,26,16.666666666666664,0.1896303217857679,-0.49527318857621216,-0.46576614932628374,0.6,18,19.316043168621977,-20.372314919598136,-247.6365942881061
11,26,0.0,0.0,-0.02087265759322797,-0.020872657593223265,0.03333333333333333,1,0.0,-10.436328796613985,-10.436328796613985
11,26,12.5,0.06540885120643156,-0.28818206205822366,-0.25389021852623445,0.26666666666666666,8,10.084440475314445,-22.02506735777518,-144.09103102911183
11,26,25.0,0.05753947598394566,-0.492751999763215,-0.4550802570517589,0.5333333333333333,16,3.760461464157534,-21.78482047818647,-246.37599988160747
11,26,16.666666666666664,0.06712258454942549,-0.12972050577437755,-0.025206698515191715,0.2,6,4.666838039180838,-13.905418185273922,-64.86025288718878
11,26,0.0,0.0,-0.1617955375232043,-0.13302379659299138,0.16666666666666666,5,0.0,-16.17955375232043,-80.89776876160215
11,26,0.0,0.0,-0.2926828876683484,-0.042922392706474966,0.16666666666666666,5,0.0,-29.268288766834836,-146.34144383417419
11,26,0.0,0.0,-0.20180562660152185,-0.20180562660153373,0.16666666666666666,5,0.0,-20.180562660152184,-100.90281330076093
11,26,0.0,0.0,-0.12196088611924698,-0.10792562374872477,0.13333333333333333,4,0.0,-15.245110764905872,-60.98044305962349
11,26,0.0,0.0,-0.35966871507078574,-0.29223514452348004,0.16666666666666666,5,0.0,-35.96687150707858,-179.83435753539288
11,26,0.0,0.0,-0.13584490780976102,0.0,0.16666666666666666,5,0.0,-13.584490780976102,-67.92245390488051
11,26,0.0,0.0,-0.22817057078893122,-0.17746893140947745,0.16666666666666666,5,0.0,-22.81705707889312,-114.0852853944656
11,26,0.0,0.0,-0.17159043881245298,-0.10140499093472984,0.16666666666666666,5,0.0,-17.1590438812453,-85.7952194062265
11,26,0.0,0.0,-0.27755039770611895,-0.2728533854978955,0.16666666666666666,5,0.0,-27.755039770611898,-138.7751988530595
11,26,0.0,0.0,-0.22572474093024808,-0.17175371733267883,0.2,6,0.0,-18.81039507752067,-112.86237046512403
11,26,0.0,0.0,-0.21007753766616985,-0.21007753766616225,0.1,3,0.0,-35.01292294436164,-105.03876883308493
11,26,20.0,0.06605639007566573,-0.17023057110078685,-0.11321756268255195,0.16666666666666666,5,6.020072779526782,-22.783839582480052,-85.11528555039342
11,26,18.181818181818183,0.004287029177818337,-0.4357239990623354,-0.4357239990623348,0.36666666666666664,11,0.4690009953153229,-24.311111280199814,-217.8619995311677
11,26,0.0,0.0,-0.08863199259788879,-0.08863199259788962,0.06666666666666667,2,0.0,-22.157998149472196,-44.31599629894439
11,26,0.0,0.0,-0.22189802293375213,-0.09569376118676502,0.16666666666666666,5,0.0,-22.189802293375216,-110.94901146687607
11,26,16.666666666666664,0.22755772644207983,-0.21342369151771778,-0.21791822661854976,0.2,6,31.43678930656428,-27.62972701308463,-106.71184575885889
11,26,0.0,0.0,-0.20208435519089818,-0.12711618337795935,0.16666666666666666,5,0.0,-20.208435519089818,-101.04217759544909
11,26,0.0,0.0,-0.2674675490370136,-0.16609563847704162,0.16666666666666666,5,0.0,-26.746754903701362,-133.7337745185068
11,26,25.0,0.2094962877765122,-0.12378598903733437,-0.15659128113283077,0.13333333333333333,4,16.4026460477481,-26.098546855471763,-61.89299451866719
11,26,10.0,0.025132965892577533,-0.3323356785854075,-0.27453057650533763,0.3333333333333333,10,4.283959238821318,-18.93908872572501,-166.16783929270377
11,26,0.0,0.0,-0.17057237291868843,-0.17057237291870114,0.13333333333333333,4,0.0,-21.321546614836052,-85.28618645934421
11,26,0.0,0.0,-0.09809311601409504,-0.0980931160140899,0.06666666666666667,2,0.0,-24.52327900352376,-49.04655800704752
11,26,0.0,0.0,-0.2920943483391964,-0.18166471215947133,0.16666666666666666,5,0.0,-29.20943483391964,-146.0471741695982
11,26,0.0,0.0,-0.11170075889946592,-0.11170075889947474,0.1,3,0.0,-18.616793149910986,-55.850379449732955
11,26,11.11111111111111,0.008212698531632028,-0.3965997275765135,-0.3203007878628906,0.3,9,1.6420627666289889,-24.99274081936072,-198.29986378825674
12,26,0.0,0.0,-0.11164474942366118,0.0,0.16666666666666666,5,0.0,-11.164474942366116,-55.822374711830584
12,26,14.285714285714285,0.3380004792917625,-0.22583528512601178,-0.26906119632129943,0.23333333333333334,7,57.65293797487942,-28.428430089647552,-112.9176425630059
12,26,0.0,0.0,-0.14339190191764709,-0.0453718731202432,0.06666666666666667,2,0.0,-35.84797547941177,-71.69595095882354
12,26,0.0,0.0,-0.1570272209993148,-0.1570272209993127,0.1,3,0.0,-26.171203499885802,-78.5136104996574
12,26,16.666666666666664,0.03295967831143814,-0.16843664352970625,-0.07942534808541381,0.2,6,2.8704168079071124,-17.417747714552053,-84.21832176485313
12,26,0.0,0.0,-0.3765408155145767,-0.15027846580111234,0.16666666666666666,5,0.0,-37.65408155145767,-188.27040775728835
12,26,23.076923076923077,0.06590583907731926,-0.547781044473306,-0.4892298429218462,0.43333333333333335,13,6.441529287047949,-29.321511009779687,-273.890522236653
12,26,0.0,0.0,-0.4274675116623995,-0.42746751166239844,0.16666666666666666,5,0.0,-42.746751166239946,-213.73375583119972
12,26,0.0,0.0,-0.2744342702694627,-0.011194016417132167,0.16666666666666666,5,0.0,-27.443427026946274,-137.21713513473136
12,26,16.666666666666664,0.05717085999175654,-0.18640488436234257,-0.19768567732359274,0.2,6,5.651568822727455,-19.770802200779748,-93.20244218117128
12,26,0.0,0.0,-0.15137569864976966,-0.13211065991830145,0.16666666666666666,5,0.0,-15.137569864976967,-75.68784932488484
12,26,0.0,0.0,-0.21008868166344855,-0.10291206365108342,0.16666666666666666,5,0.0,-21.008868166344854,-105.04434083172427
12,26,33.33333333333333,0.7994566124158861,-0.00850345635539299,-0.020604766480854887,0.1,3,16.94931080402108,-10.600519490858789,-4.251728177696496
12,26,16.666666666666664,0.020858559614488667,-0.21411868596246678,-0.21411868596245767,0.2,6,2.2806752893461635,-21.86800365411591,-107.05934298123339
12,26,0.0,0.0,-0.14780228721660388,-0.14780228721660388,0.13333333333333333,4,0.0,-18.475285902075484,-73.90114360830194
12,26,18.181818181818183,0.004475156290459513,-0.35930283406055097,-0.24481615462307094,0.36666666666666664,11,0.4037911128451821,-20.05099991732954,-179.6514170302755
12,26,10.0,0.020994269536619356,-0.5024042586531621,-0.3748568043533716,0.3333333333333333,10,5.386899225563031,-28.509892061349333,-251.202129326581
12,26,0.0,0.0,-0.16899367981056754,-0.1435662398876289,0.16666666666666666,5,0.0,-16.899367981056752,-84.49683990528376
12,26,0.0,0.0,-0.16738076451800657,-0.12091740129207917,0.16666666666666666,5,0.0,-16.73807645180066,-83.69038225900329
12,26,0.0,0.0,-0.29793418749775397,-0.16847434459084806,0.16666666666666666,5,0.0,-29.793418749775395,-148.96709374887698
12,26,0.0,0.0,-0.2758712725190774,-0.1922294500203112,0.16666666666666666,5,0.0,-27.58712725190774,-137.9356362595387
12,26,25.0,0.8003926718135139,-0.015290065843234259,-0.01940963041000161,0.13333333333333333,4,30.655329049435593,-12.766787323684241,-7.64503292161713
12,26,0.0,0.0,-0.32068684485679044,-0.20881348680710404,0.16666666666666666,5,0.0,-32.06868448567904,-160.34342242839523
12,26,0.0,0.0,-0.1557667796983099,-0.15576677969831507,0.13333333333333333,4,0.0,-19.470847462288738,-77.88338984915495
12,26,20.0,0.15528013525759396,-0.2501663557620121,-0.2501663557620195,0.16666666666666666,5,22.993342042139915,-37.019129980786495,-125.08317788100607
12,26,14.285714285714285,0.020041849205049863,-0.4719107888911025,-0.2477868564948333,0.23333333333333334,7,4.825698353301728,-40.13018213314216,-235.95539444555124
12,26,0.0,0.0,-0.3732855185608614,-0.1665229835926051,0.16666666666666666,5,0.0,-37.328551856086136,-186.64275928043068
12,26,16.666666666666664,0.06819488938326541,-0.5025499676764941,-0.4929218200190763,0.4,12,9.194878592310713,-26.966474102286845,-251.274983838247
12,26,16.666666666666664,0.09939291116923617,-0.24994839671937238,-0.17400816182057238,0.2,6,13.792417970124333,-27.753323265962102,-124.97419835968618
12,26,0.0,0.0,-0.1708768523475035,-0.13865440912718055,0.16666666666666666,5,0.0,-17.08768523475035,-85.43842617375175
13,26,0.0,0.0,-0.2654611771179797,-0.13045246281169431,0.16666666666666666,5,0.0,-26.54611771179797,-132.73058855898984
13,26,0.0,0.0,-0.04957952222976992,-0.04957952222977474,0.03333333333333333,1,0.0,-24.78976111488496,-24.78976111488496
13,26,16.666666666666664,0.025655046755461337,-0.2441707773276798,-0.10736559535330215,0.2,6,3.214576463807468,-25.059993025529472,-122.0853886638399
13,26,0.0,0.0,-0.24731904723357678,-0.1217192241946465,0.16666666666666666,5,0.0,-24.73190472335768,-123.65952361678839
13,26,12.5,0.053434418500916854,-0.2714647091350552,-0.2425837735491021,0.26666666666666666,8,7.662204901418264,-20.48493706699227,-135.7323545675276
13,26,0.0,0.0,-0.36967420287803543,-0.3696742028780427,0.16666666666666666,5,0.0,-36.96742028780354,-184.83710143901772
13,26,10.0,0.010291758111943555,-0.46106626306758586,-0.40065650293245136,0.3333333333333333,10,2.3972632803466354,-25.881154979348835,-230.53313153379293
13,26,0.0,0.0,-0.22941774089723668,-0.22941774089723183,0.13333333333333333,4,0.0,-28.677217612154585,-114.70887044861834
13,26,16.666666666666664,0.052629630491624224,-0.4978632307651231,-0.4007989278872396,0.4,12,6.9144968836559695,-26.27606091498735,-248.93161538256157
13,26,0.0,0.0,-0.1552127405226921,-0.15521274052269293,0.16666666666666666,5,0.0,-15.52127405226921,-77.60637026134604
13,26,0.0,0.0,-0.30059645242586547,0.0,0.16666666666666666,5,0.0,-30.059645242586544,-150.29822621293272
13,26,0.0,0.0,-0.22506462862368243,-0.15973302907367287,0.16666666666666666,5,0.0,-22.506462862368245,-112.53231431184122
13,26,0.0,0.0,-0.021147226335998113,-0.021147226336004677,0.03333333333333333,1,0.0,-10.573613167999056,-10.573613167999056
13,26,26.666666666666668,0.3096154768542294,-0.3213881617554849,-0.3327371422248572,0.5,15,18.016544697406694,-21.160023606124472,-160.69408087774244
13,26,0.0,0.0,-0.2901229850937469,-0.2901229850937525,0.16666666666666666,5,0.0,-29.012298509374688,-145.06149254687344
13,26,22.22222222222222,0.2221766043395923,-0.2418693231775711,-0.2913167746414495,0.3,9,17.271820704198035,-22.21118614245452,-120.93466158878556
13,26,0.0,0.0,-0.08050828540104654,-0.08050828540103976,0.1,3,0.0,-13.418047566841091,-40.254142700523275
13,26,0.0,0.0,-0.2771698656521273,0.0,0.16666666666666666,5,0.0,-27.716986565212732,-138.58493282606366
13,26,0.0,0.0,-0.2661426175697361,-0.19182540792969188,0.16666666666666666,5,0.0,-26.61426175697361,-133.07130878486805
13,26,0.0,0.0,-0.22137696744856583,-0.22137696744856655,0.1,3,0.0,-36.89616124142764,-110.68848372428292
13,26,16.666666666666664,0.2191275736886655,-0.11814782275218272,-0.04469772765058483,0.2,6,16.577256965379235,-15.130233668294116,-59.07391137609136
13,26,16.666666666666664,0.15548285916630825,-0.26440622880665654,-0.11622268400882937,0.2,6,24.339728851244153,-31.308568650914488,-132.20311440332827
13,26,22.22222222222222,0.14861675531782473,-0.638306658410965,-0.5171514866301222,0.6,18,13.927785322198446,-26.776033606734018,-319.1533292054825
13,26,0.0,0.0,-0.10651293964536296,-0.08443267427297231,0.16666666666666666,5,0.0,-10.651293964536297,-53.25646982268148
13,26,20.0,0.012960891595717245,-0.48678755590250467,-0.31229693396536923,0.5,15,1.0653412292170827,-20.5491501365753,-243.39377795125233
13,26,18.181818181818183,0.02684978946456152,-0.44376091172293514,-0.3907514332456184,0.36666666666666664,11,3.060906457032715,-25.333585419503667,-221.88045586146757
13,26,0.0,0.0,-0.06921839547232454,-0.06921839547232957,0.06666666666666667,2,0.0,-17.304598868081136,-34.60919773616227
13,26,14.285714285714285,0.002034477344860407,-0.22032387313888818,-0.01859642110822884,0.23333333333333334,7,0.2245788648291125,-18.397752572378867,-110.1619365694441
13,26,11.11111111111111,0.0671685370668721,-0.32963607788891724,-0.31867232248727356,0.3,9,11.867724233186223,-22.085720397205606,-164.81803894445864
13,26,0.0,0.0,-0.26149364645516504,-0.08135424706458502,0.16666666666666666,5,0.0,-26.149364645516506,-130.74682322758252
14,26,0.0,0.0,-0.18049677808784234,-0.18049677808785056,0.13333333333333333,4,0.0,-22.56209726098029,-90.24838904392116
14,26,0.0,0.0,-0.16320433579530355,-0.010578826690402849,0.16666666666666666,5,0.0,-16.320433579530356,-81.60216789765178
14,26,0.0,0.0,-0.2952217356013558,0.0,0.16666666666666666,5,0.0,-29.522173560135577,-147.61086780067788
14,26,10.0,0.042809090145211934,-0.41337974101641767,-0.31859853765272944,0.3333333333333333,10,9.243929510394562,-23.992644446511495,-206.68987050820886
14,26,16.666666666666664,0.0633420252238094,-0.15176729037099784,-0.10594403493619405,0.2,6,5.131674417828975,-16.203063920665578,-75.88364518549892
14,26,0.0,0.0,-0.30619188230546285,-0.04490368530922126,0.16666666666666666,5,0.0,-30.619188230546285,-153.09594115273143
14,26,0.0,0.0,-0.10457098519168002,-0.10457098519167629,0.03333333333333333,1,0.0,-52.28549259584001,-52.28549259584001
14,26,0.0,0.0,-0.25759600675695893,-0.2378287426997536,0.16666666666666666,5,0.0,-25.75960067569589,-128.79800337847945
14,26,0.0,0.0,-0.1566521800897876,-0.08583036126906422,0.16666666666666666,5,0.0,-15.66521800897876,-78.3260900448938
14,26,21.052631578947366,0.1853062476917689,-0.6402195031528556,-0.5613311882826937,0.6333333333333333,19,18.20264877019999,-26.194689777148522,-320.1097515764278
14,26,0.0,0.0,-0.3327481994912249,-0.26315131891119803,0.16666666666666666,5,0.0,-33.27481994912249,-166.37409974561245
14,26,0.0,0.0,-0.15644736236025175,-0.15644736236025347,0.1,3,0.0,-26.074560393375293,-78.22368118012588
14,26,33.33333333333333,0.12195624882792365,-0.033787524796243924,-0.038480456983073966,0.1,3,2.3464660934206805,-9.62011424577132,-16.89376239812196
14,26,12.5,0.00983724913884284,-0.23889181951566724,-0.22135762824062083,0.26666666666666666,8,1.1866929672739346,-17.23322896072965,-119.44590975783362
14,26,0.0,0.0,-0.2664575405128275,-0.1469299038913198,0.16666666666666666,5,0.0,-26.64575405128275,-133.22877025641375
14,26,0.0,0.0,-0.0160018290336987,-0.016001829033702963,0.03333333333333333,1,0.0,-8.000914516849349,-8.000914516849349
14,26,0.0,0.0,-0.20497940068868312,-0.20497940068869505,0.16666666666666666,5,0.0,-20.49794006886831,-102.48970034434156
14,26,0.0,0.0,-0.18384623030525715,-0.18384623030525107,0.16666666666666666,5,0.0,-18.384623030525713,-91.92311515262857
14,26,0.0,0.0,-0.28542902822457383,-0.1604927220818533,0.2,6,0.0,-23.78575235204782,-142.7145141122869
14,26,0.0,0.0,-0.19071172193552746,-0.11458319824469974,0.16666666666666666,5,0.0,-19.071172193552748,-95.35586096776373
14,26,12.5,0.012618589831501258,-0.3466989284027114,-0.32592344369300524,0.26666666666666666,8,2.2153807674930093,-25.08069213840696,-173.3494642013557
14,26,0.0,0.0,-0.30926279675354845,-0.2625999344520467,0.16666666666666666,5,0.0,-30.926279675354845,-154.63139837677423
14,26,16.666666666666664,0.036568863910078644,-0.5712122463812987,-0.37360984672473313,0.4,12,5.42036221355275,-29.644684761775487,-285.6061231906494
14,26,0.0,0.0,-0.1301514001221303,0.0,0.16666666666666666,5,0.0,-13.01514001221303,-65.07570006106515
14,26,10.0,0.005316556520042312,-0.28743453950101666,-0.2721805011228535,0.3333333333333333,10,0.7681649800679935,-16.053937192286256,-143.71726975050834
14,26,0.0,0.0,-0.0038431780127120875,-0.0038431780127139064,0.03333333333333333,1,0.0,-1.9215890063560437,-1.9215890063560437
14,26,0.0,0.0,-0.13866994346158448,-0.13866994346158754,0.1,3,0.0,-23.11165724359741,-69.33497173079223
14,26,0.0,0.0,-0.122403206417264,-0.12240320641726431,0.16666666666666666,5,0.0,-12.240320641726399,-61.201603208631994
14,26,0.0,0.0,-0.22881481414019,-0.22881481414019073,0.13333333333333333,4,0.0,-28.601851767523748,-114.40740707009499
14,26,0.0,0.0,-0.04738217849900344,-0.04738217849899957,0.03333333333333333,1,0.0,-23.691089249501722,-23.691089249501722
15,51,100.0,0.0,0.044528822969272706,0.0,0.03333333333333333,1,22.264411484636355,0.0,22.264411484636355
15,31,50.0,0.3416424354398467,-0.05061702852720834,-0.07686360617019215,0.06666666666666667,2,13.133383613748713,-38.441897877352886,-25.308514263604174
15,26,0.0,0.0,-0.22937527408366096,-0.17931768642430942,0.16666666666666666,5,0.0,-22.937527408366094,-114.68763704183047
15,26,0.0,0.0,-0.2844735510826382,-0.28447355108262856,0.16666666666666666,5,0.0,-28.44735510826382,-142.2367755413191
15,26,0.0,0.0,-0.13247005080281815,-0.13247005080281815,0.13333333333333333,4,0.0,-16.55875635035227,-66.23502540140908
15,26,0.0,0.0,-0.16854622291263113,-0.16854622291262786,0.06666666666666667,2,0.0,-42.13655572815779,-84.27311145631558
15,26,0.0,0.0,-0.19846611264494035,-0.1984661126449355,0.16666666666666666,5,0.0,-19.846611264494033,-99.23305632247016
15,26,11.11111111111111,0.0114339646350786,-0.3341162286704338,-0.14155321494714349,0.3,9,1.9322296164127017,-21.1237929939537,-167.05811433521689
15,26,40.0,0.3625262248181727,-0.11535455722155898,-0.13817343991005326,0.16666666666666666,5,16.400302950962793,-30.159294837568357,-57.67727861077949
15,26,0.0,0.0,-0.19105150564960718,-0.07734660633067032,0.16666666666666666,5,0.0,-19.105150564960717,-95.52575282480359
15,26,0.0,0.0,-0.27508545270401313,-0.05295631258496976,0.16666666666666666,5,0.0,-27.50854527040131,-137.54272635200655
15,26,0.0,0.0,-0.10886791410858496,-0.07707780656371371,0.16666666666666666,5,0.0,-10.886791410858496,-54.43395705429248
15,26,12.5,0.05475363314279582,-0.19471590053247967,0.0,0.26666666666666666,8,5.63948371484992,-14.713919140155678,-97.35795026623983
15,26,0.0,0.0,-0.0871968517527701,-0.08719685175277118,0.03333333333333333,1,0.0,-43.59842587638505,-43.59842587638505
15,26,0.0,0.0,-0.2487165988716336,0.0,0.16666666666666666,5,0.0,-24.871659887163364,-124.35829943581682
15,26,0.0,0.0,-0.12058820599034732,-0.11957878486226095,0.16666666666666666,5,0.0,-12.058820599034732,-60.29410299517366
15,26,0.0,0.0,-0.19215041610358466,-0.11312328806553633,0.16666666666666666,5,0.0,-19.215041610358465,-96.07520805179233
15,26,28.57142857142857,0.06376274446154048,-0.20186364444652505,-0.21558199577585138,0.23333333333333334,7,3.4369973798778997,-21.561163396603668,-100.93182222326251
15,26,11.11111111111111,0.06819632382179028,-0.41327616728446076,-0.1896470596790566,0.3,9,15.123311944612468,-27.720174448355355,-206.63808364223038
15,26,0.0,0.0,-0.23272013447914316,-0.203847645833027,0.16666666666666666,5,0.0,-23.272013447914315,-116.36006723957158
15,26,11.11111111111111,0.035604338877178086,-0.37070110644978066,-0.11979781012167916,0.3,9,6.842921607930137,-24.024184354102555,-185.35055322489032
15,26,0.0,0.0,-0.14302270420174815,-0.07386956147372012,0.16666666666666666,5,0.0,-14.302270420174812,-71.51135210087406
15,26,10.0,0.008132512896552039,-0.36697531888796686,-0.36146623202425443,0.3333333333333333,10,1.5044507216826553,-20.554678907296235,-183.48765944398343
15,26,0.0,0.0,-0.20453002329388265,-0.14587658214690466,0.16666666666666666,5,0.0,-20.453002329388266,-102.26501164694133
15,26,0.0,0.0,-0.4414300794870901,-0.16701134902909787,0.16666666666666666,5,0.0,-44.14300794870901,-220.71503974354505
15,26,16.666666666666664,0.022312356569843653,-0.12116206992733765,-0.12392375067109886,0.2,6,1.3825536842596975,-12.392717729585703,-60.58103496366883
15,26,14.285714285714285,0.039892993727574814,-0.18898708555480676,-0.18898708555480698,0.23333333333333334,7,3.926260598754201,-16.40330056269293,-94.49354277740338
15,26,0.0,0.0,-0.018663083206336816,-0.018663083206338343,0.03333333333333333,1,0.0,-9.331541603168407,-9.331541603168407
15,26,0.0,0.0,-0.14783921331147637,-0.1478392133114685,0.13333333333333333,4,0.0,-18.479901663934545,-73.91960665573818
15,26,0.0,0.0,-0.20673389221879962,-0.043307109336205706,0.16666666666666666,5,0.0,-20.673389221879965,-103.36694610939982
16,51,100.0,0.0,0.038002126823681405,0.0,0.06666666666666667,2,9.500531705920352,0.0,19.001063411840704
16,26,16.666666666666664,0.2981811708951063,-0.15695406518550514,-0.0681751975160387,0.2,6,33.342470302094114,-22.363900578969336,-78.47703259275256
16,26,12.5,0.00870116704037109,-0.4191528167526685,0.0,0.26666666666666666,8,1.839565705488706,-30.20228201168899,-209.57640837633426
16,26,0.0,0.0,-0.2643309537673305,-0.05309058216496518,0.16666666666666666,5,0.0,-26.433095376733053,-132.16547688366526
16,26,0.0,0.0,-0.2764602068578774,-0.2560458640387305,0.16666666666666666,5,0.0,-27.646020685787743,-138.23010342893872
16,26,0.0,0.0,-0.16635557728526562,-0.16635557728525602,0.1,3,0.0,-27.72592954754427,-83.1777886426328
16,26,42.857142857142854,0.3755643406870448,-0.11792903108210732,-0.18086185072685476,0.23333333333333334,7,11.821324355217081,-23.607122151676222,-58.96451554105366
16,26,16.666666666666664,0.0037630245055335857,-0.17727314942818456,-0.06004622610118014,0.2,6,0.33480146886752493,-17.79427523659196,-88.63657471409229
16,26,18.181818181818183,0.018515212417830208,-0.5298685221645469,-0.5298685221645574,0.36666666666666664,11,2.498925191078678,-29.992456829381197,-264.93426108227345
16,26,0.0,0.0,-0.24870413984308895,-0.09089887499738881,0.16666666666666666,5,0.0,-24.870413984308897,-124.35206992154448
16,26,25.0,0.022657657981515603,-0.4534161072082212,-0.1287784144963792,0.26666666666666666,8,2.627878338724372,-38.66063504692656,-226.7080536041106
16,26,28.57142857142857,0.08832928378346366,-0.1807072203069445,-0.18239977487850373,0.23333333333333334,7,4.377057160082627,-19.821544894727502,-90.35361015347225
16,26,20.0,0.042579299645161155,-0.4086649446859193,-0.4227867291167504,0.3333333333333333,10,4.543631427596546,-26.67746689976909,-204.33247234295965
16,26,14.285714285714285,0.07352073490218797,-0.38713256395213635,0.0,0.23333333333333334,7,15.360446627655762,-34.821121433954,-193.56628197606818
16,26,0.0,0.0,-0.24096065406083955,-0.09281914777891818,0.16666666666666666,5,0.0,-24.096065406083955,-120.48032703041977
16,26,0.0,0.0,-0.25099299694682603,-0.027343266597336595,0.16666666666666666,5,0.0,-25.0992996946826,-125.496498473413
16,26,0.0,0.0,-0.16877345222469495,-0.16877345222467555,0.1,3,0.0,-28.128908704115826,-84.38672611234747
16,26,0.0,0.0,-0.15863671726703085,-0.15863671726702885,0.06666666666666667,2,0.0,-39.659179316757715,-79.31835863351543
16,26,0.0,0.0,-0.21653102277458128,-0.21653102277457947,0.16666666666666666,5,0.0,-21.653102277458128,-108.26551138729064
16,26,0.0,0.0,-0.18210497660267708,-0.18210497660266992,0.16666666666666666,5,0.0,-18.21049766026771,-91.05248830133854
16,26,0.0,0.0,-0.16699815675780058,0.0,0.16666666666666666,5,0.0,-16.69981567578006,-83.4990783789003
16,26,16.666666666666664,0.14652704327155225,-0.5397299136154656,-0.2610609984026365,0.4,12,23.165651525279447,-31.619625985829174,-269.8649568077328
16,26,22.22222222222222,0.06087774811486725,-0.33313556709543185,-0.23543187493538525,0.3,9,5.398802738682136,-25.337912717868598,-166.56778354771592
16,26,0.0,0.0,-0.07471940747418479,-0.07471940747418557,0.06666666666666667,2,0.0,-18.679851868546198,-37.359703737092396
16,26,20.0,0.07695019304622405,-0.16844844593773997,-0.16844844593775632,0.16666666666666666,5,7.021365659575203,-22.811397157111294,-84.22422296886998
16,26,18.181818181818183,0.09609732700069054,-0.3609969171119784,-0.34092710274604665,0.36666666666666664,11,9.594738412167931,-22.187548375591675,-180.4984585559892
16,26,21.052631578947366,0.0183689440685753,-0.8807549459196731,-0.8139061412030552,0.6333333333333333,19,2.060160261072892,-29.907874266941874,-440.37747295983655
16,26,0.0,0.0,-0.07942275945086467,-0.07942275945087021,0.1,3,0.0,-13.237126575144112,-39.71137972543234
16,26,0.0,0.0,-0.22719309643748783,-0.10283972564308608,0.16666666666666666,5,0.0,-22.71930964374878,-113.5965482187439
16,26,0.0,0.0,-0.3412187283688997,-0.33198168791925964,0.16666666666666666,5,0.0,-34.12187283688998,-170.60936418444987
17,46,66.66666666666666,0.07216048197915453,-0.057730595862734435,-0.06221766031317918,0.1,3,1.1224644837516795,-31.11022689887058,-28.86529793136722
17,26,16.666666666666664,0.009936543114806205,-0.2598587777473856,-0.26245994533727585,0.2,6,1.3040062891378668,-26.246679032566128,-129.9293888736928
17,26,0.0,0.0,-0.23020535017302635,-0.15216737389130347,0.16666666666666666,5,0.0,-23.020535017302635,-115.10267508651317
17,26,16.666666666666664,0.0953933636670056,-0.15930609807983878,-0.08739147355090249,0.2,6,8.399642418114901,-17.610538291606854,-79.65304903991938
17,26,10.0,0.027729915067877052,-0.44252764651590626,-0.2945790767024436,0.3333333333333333,10,6.310619982682226,-25.286049248959486,-221.26382325795316
17,26,0.0,0.0,-0.19275801609397092,-0.19275801609396878,0.1,3,0.0,-32.12633601566182,-96.37900804698546
17,26,0.0,0.0,-0.24565387412312506,-0.2456538741231343,0.13333333333333333,4,0.0,-30.706734265390637,-122.82693706156255
17,26,0.0,0.0,-0.08940272580636233,0.0,0.16666666666666666,5,0.0,-8.940272580636233,-44.70136290318116
17,26,0.0,0.0,-0.16697085641347087,-0.046101990327104096,0.16666666666666666,5,0.0,-16.697085641347087,-83.48542820673543
17,26,23.076923076923077,0.06255496779248655,-0.501057445623757,-0.5010574456237519,0.43333333333333335,13,5.57252804099015,-26.72463069348489,-250.52872281187848
17,26,12.5,0.12190195327735481,-0.3581208488994298,-0.2775344478160913,0.26666666666666666,8,24.85806178086964,-29.13121231865494,-179.0604244497149
17,26,0.0,0.0,-0.24678516210060478,-0.2467851621005975,0.16666666666666666,5,0.0,-24.67851621006048,-123.3925810503024
17,26,0.0,0.0,-0.34800774501519544,-0.29183353366495957,0.16666666666666666,5,0.0,-34.80077450151954,-174.00387250759772
17,26,0.0,0.0,-0.20197652187192663,-0.20197652187192583,0.16666666666666666,5,0.0,-20.197652187192666,-100.98826093596332
17,26,0.0,0.0,-0.15125236131534955,-0.08138201631723493,0.16666666666666666,5,0.0,-15.125236131534956,-75.62618065767478
17,26,25.0,0.006333461141634393,-0.21169024388838112,-0.2130395214189193,0.13333333333333333,4,0.6746387652695596,-35.50658690315337,-105.84512194419055
17,26,25.0,0.18607228220133964,-0.2754386190871753,-0.26127254258800053,0.26666666666666666,8,15.742028235182355,-28.200561002325397,-137.71930954358766
17,26,40.0,0.26512536865861336,-0.05951335013722385,-0.07927116297553584,0.16666666666666666,5,5.367751934244787,-13.497392979033833,-29.756675068611923
17,26,0.0,0.0,-0.2648677914549397,-0.26486779145493344,0.16666666666666666,5,0.0,-26.486779145493973,-132.43389572746986
17,26,0.0,0.0,-0.24728039387823894,-0.19122825153032008,0.16666666666666666,5,0.0,-24.728039387823895,-123.64019693911948
17,26,0.0,0.0,-0.13144677540087216,-0.13144677540088015,0.1,3,0.0,-21.90779590014536,-65.72338770043608
17,26,0.0,0.0,-0.19490659149440046,-0.19490659149440762,0.13333333333333333,4,0.0,-24.363323936800057,-97.45329574720023
17,26,0.0,0.0,-0.09841857516873335,-0.09841857516873279,0.1,3,0.0,-16.403095861455558,-49.20928758436668
17,26,0.0,0.0,-0.12301579827084928,-0.12301579827083332,0.13333333333333333,4,0.0,-15.376974783856161,-61.507899135424644
17,26,14.285714285714285,0.06309322392299647,-0.2689619803647859,-0.07276823458967513,0.23333333333333334,7,9.056225703150051,-23.922869314257166,-134.48099018239296
17,26,0.0,0.0,-0.22981167914467113,-0.1281969112349502,0.16666666666666666,5,0.0,-22.981167914467115,-114.90583957233557
17,26,12.5,0.05513692405173264,-0.20047939835876472,-0.20047939835877332,0.26666666666666666,8,5.849428156640908,-15.155589619431893,-100.23969917938236
17,26,0.0,0.0,-0.2349807758815219,0.0,0.16666666666666666,5,0.0,-23.498077588152192,-117.49038794076095
17,26,0.0,0.0,-0.22508045069383514,0.0,0.16666666666666666,5,0.0,-22.508045069383513,-112.54022534691757
17,26,0.0,0.0,-0.27715616556906947,-0.27715616556908934,0.16666666666666666,5,0.0,-27.715616556906944,-138.57808278453473
18,26,14.285714285714285,0.005433701395402908,-0.4102635139866832,-0.15883985441050985,0.23333333333333334,7,1.1207143412963205,-34.375411889106324,-205.1317569933416
18,26,0.0,0.0,-0.3208903901241314,-0.2225857553801956,0.13333333333333333,4,0.0,-40.11129876551642,-160.4451950620657
18,26,33.33333333333333,0.109627802119045,-0.05239817282133366,-0.05682910092821261,0.1,3,3.225783854846238,-14.712435132756534,-26.19908641066683
18,26,22.22222222222222,0.06802904985879174,-0.6798246114786879,-0.59689692156972,0.6,18,6.202959220793055,-26.051724473036867,-339.91230573934394
18,26,0.0,0.0,-0.2556274111074238,-0.18965470863678036,0.16666666666666666,5,0.0,-25.562741110742383,-127.81370555371191
18,26,0.0,0.0,-0.17095229287034747,0.0,0.16666666666666666,5,0.0,-17.095229287034748,-85.47614643517373
18,26,0.0,0.0,-0.4039248945329611,-0.35944290913108673,0.16666666666666666,5,0.0,-40.39248945329611,-201.96244726648055
18,26,0.0,0.0,-0.14298360165962506,-0.14298360165962368,0.06666666666666667,2,0.0,-35.74590041490627,-71.49180082981253
18,26,0.0,0.0,-0.2268595637914828,-0.22685956379146954,0.13333333333333333,4,0.0,-28.357445473935353,-113.42978189574141
18,26,18.75,0.10652262233054928,-0.41229308100080514,-0.3342252930206072,0.5333333333333333,16,8.192436513521399,-17.747988464689755,-206.14654050040258
18,26,0.0,0.0,-0.2571106163158941,-0.2571106163158984,0.16666666666666666,5,0.0,-25.71106163158941,-128.55530815794705
18,26,0.0,0.0,-0.19319961536207833,-0.16652055582188932,0.16666666666666666,5,0.0,-19.319961536207835,-96.59980768103917
18,26,22.22222222222222,0.0438849350800358,-0.52182763949865,-0.4106996863353708,0.3,9,5.987870320891648,-38.98422291301547,-260.913819749325
18,26,0.0,0.0,-0.07855384564341779,-0.07855384564341511,0.03333333333333333,1,0.0,-39.276922821708894,-39.276922821708894
18,26,16.666666666666664,0.1659029898206903,-0.1725958284281981,-0.17259582842820964,0.2,6,17.16476837667919,-20.692536518155645,-86.29791421409905
18,26,0.0,0.0,-0.26948676675661487,-0.2694867667566141,0.13333333333333333,4,0.0,-33.68584584457686,-134.74338337830744
18,26,0.0,0.0,-0.2897883240973478,0.0,0.16666666666666666,5,0.0,-28.978832409734775,-144.89416204867388
18,26,16.666666666666664,0.006705011432337795,-0.2675097271765143,-0.2693106275071606,0.2,6,0.9028817217564722,-26.931549062002716,-133.75486358825714
18,26,22.22222222222222,0.09188120102413959,-0.2824659333727944,-0.24466540154569005,0.3,9,7.144800117552359,-22.217509560214555,-141.2329666863972
18,26,0.0,0.0,-0.362113917377222,-0.30882290225355424,0.16666666666666666,5,0.0,-36.211391737722195,-181.056958688611
18,26,20.0,0.1930570484708017,-0.3612174488606515,-0.3038057988178774,0.5,15,14.40324341826925,-18.651537890427793,-180.60872443032574
18,26,0.0,0.0,-0.1860904729997058,-0.09759084008895068,0.16666666666666666,5,0.0,-18.60904729997058,-93.0452364998529
18,26,0.0,0.0,-0.18510770824364295,-0.18510770824363862,0.13333333333333333,4,0.0,-23.13846353045537,-92.55385412182147
18,26,0.0,0.0,-0.11959585945130087,-0.11959585945130674,0.16666666666666666,5,0.0,-11.959585945130087,-59.797929725650434
18,26,0.0,0.0,-0.27318488342573116,-0.2731848834257253,0.16666666666666666,5,0.0,-27.31848834257311,-136.59244171286556
18,26,0.0,0.0,-0.23725816668518002,-0.11436360333448053,0.16666666666666666,5,0.0,-23.725816668518004,-118.62908334259002
18,26,12.5,0.005260337890560807,-0.37682423400888343,-0.3175266237565604,0.26666666666666666,8,0.9963525491860814,-27.058352793375406,-188.4121170044417
18,26,28.57142857142857,0.18333273478654677,-0.1871645999768828,-0.22908472176329064,0.23333333333333334,7,10.504093720477288,-22.918097485879194,-93.5822999884414
18,26,0.0,0.0,-0.4104781255424514,-0.20416048980778154,0.16666666666666666,5,0.0,-41.04781255424514,-205.23906277122572
18,26,18.181818181818183,0.03757743988650293,-0.44248270801744044,-0.2834731092303289,0.36666666666666664,11,4.31914422272623,-25.542182494908072,-221.24135400872024
19,26,25.0,0.037031907654741514,-0.26710038360278227,-0.11542758462452787,0.26666666666666666,8,2.5679035522440508,-23.11433315097987,-133.55019180139112
19,26,0.0,0.0,-0.207723912326842,-0.20772391232683732,0.16666666666666666,5,0.0,-20.7723912326842,-103.861956163421
19,26,0.0,0.0,-0.14338479186612094,-0.126468177009465,0.16666666666666666,5,0.0,-14.338479186612094,-71.69239593306047
19,26,0.0,0.0,-0.23182542737891115,-0.2318254273788916,0.16666666666666666,5,0.0,-23.18254273789112,-115.91271368945559
19,26,0.0,0.0,-0.2990776403130383,0.0,0.16666666666666666,5,0.0,-29.907764031303827,-149.53882015651914
19,26,9.090909090909092,0.02649014593914392,-0.33834009620682665,-0.12527909239762525,0.36666666666666664,11,4.603280844151865,-17.37733289475652,-169.17004810341334
19,26,14.285714285714285,0.016681123754519918,-0.36951057565701567,-0.3695105756570265,0.23333333333333334,7,3.134207930937656,-31.314915959907584,-184.75528782850782
19,26,0.0,0.0,-0.21326012634806643,-0.15823503697824243,0.16666666666666666,5,0.0,-21.32601263480664,-106.63006317403321
19,26,0.0,0.0,-0.3604697322143793,0.0,0.16666666666666666,5,0.0,-36.04697322143793,-180.23486610718965
19,26,16.666666666666664,0.09876191390992058,-0.19897773564533486,-0.18942407759260296,0.2,6,10.902458684946943,-22.078265301522872,-99.48886782266743
19,26,11.11111111111111,0.0025927357663776533,-0.40417401610954723,-0.1597545838349474,0.3,9,0.5253202302536408,-25.32654103562841,-202.0870080547736
19,26,0.0,0.0,-0.13343989707464263,-0.13343989707465517,0.1,3,0.0,-22.23998284577377,-66.71994853732132
19,26,0.0,0.0,-0.04819024172654732,-0.048190241726551904,0.03333333333333333,1,0.0,-24.09512086327366,-24.09512086327366
19,26,0.0,0.0,-0.1986277851225667,-0.19862778512256046,0.16666666666666666,5,0.0,-19.86277851225667,-99.31389256128335
19,26,0.0,0.0,-0.14547044134462409,-0.14547044134461612,0.13333333333333333,4,0.0,-18.18380516807801,-72.73522067231204
19,26,16.666666666666664,0.0991230098960819,-0.17613344369014533,-0.19547542873195917,0.2,6,9.68993396085926,-19.55133116118638,-88.06672184507266
19,26,0.0,0.0,-0.33658649775271454,0.0,0.16666666666666666,5,0.0,-33.658649775271456,-168.29324887635727
19,26,0.0,0.0,-0.19908730053543733,-0.19908730053543694,0.16666666666666666,5,0.0,-19.908730053543735,-99.54365026771868
19,26,0.0,0.0,-0.3060529729005431,0.0,0.16666666666666666,5,0.0,-30.605297290054313,-153.02648645027156
19,26,25.0,0.565235244477262,-0.05651361704505541,-0.1299866567544377,0.13333333333333333,4,36.73651985468453,-21.664442792404078,-28.256808522527706
19,26,0.0,0.0,-0.22416961748169295,-0.22416961748170433,0.16666666666666666,5,0.0,-22.416961748169296,-112.08480874084648
19,26,25.0,0.2689535774949616,-0.05272317724233368,-0.07212014944505063,0.13333333333333333,4,9.698486101358945,-12.020024907508594,-26.361588621166838
19,26,10.0,0.001538785535767601,-0.4902997339615749,-0.4902997339615831,0.3333333333333333,10,0.3778144448082621,-27.280853491732852,-245.14986698078744
19,26,0.0,0.0,-0.20319975157034853,-0.20319975157035514,0.16666666666666666,5,0.0,-20.319975157034854,-101.59987578517428
19,26,0.0,0.0,-0.27362669725283606,-0.2736266972528392,0.16666666666666666,5,0.0,-27.362669725283602,-136.81334862641802
19,26,11.11111111111111,0.05052175118008722,-0.33518070844152836,-0.2573740710662408,0.3,9,8.917485141600174,-22.06347992029554,-167.59035422076417
19,26,0.0,0.0,-0.23971983738309532,-0.030114377844386163,0.16666666666666666,5,0.0,-23.971983738309532,-119.85991869154766
19,26,0.0,0.0,-0.322213151451216,-0.26001746065901027,0.16666666666666666,5,0.0,-32.2213151451216,-161.106575725608
19,26,0.0,0.0,-0.01535312879106897,-0.015353128791073686,0.03333333333333333,1,0.0,-7.676564395534484,-7.676564395534484
20,26,11.11111111111111,0.11714356211160437,-0.3561304312103123,-0.25888732582984264,0.3,9,23.626937233475438,-25.211519104828945,-178.06521560515614
20,26,0.0,0.0,-0.386719344724937,0.0,0.16666666666666666,5,0.0,-38.6719344724937,-193.35967236246853
20,26,12.5,0.03508652188381269,-0.27530517407828997,0.0,0.26666666666666666,8,5.005371587244873,-20.379708375198554,-137.65258703914498
20,26,0.0,0.0,-0.2315138798633296,-0.23151387986332703,0.13333333333333333,4,0.0,-28.9392349829162,-115.7569399316648
20,26,0.0,0.0,-0.1322557182794769,-0.026377678137112098,0.16666666666666666,5,0.0,-13.225571827947693,-66.12785913973846
20,26,0.0,0.0,-0.1260108239729127,-0.12601082397291613,0.1,3,0.0,-21.001803995485446,-63.00541198645634
20,26,30.0,0.09985975233510427,-0.26091640044706843,-0.26091640044708037,0.3333333333333333,10,4.824256960031506,-20.704424443375533,-130.45820022353422
20,26,0.0,0.0,-0.18324176939406078,-0.1832417693940515,0.16666666666666666,5,0.0,-18.32417693940608,-91.62088469703039
20,26,33.33333333333333,0.6060020002787228,-0.008249825381975278,-0.020938749404333067,0.1,3,6.344462011182657,-5.234687351085148,-4.124912690987639
20,26,0.0,0.0,-0.2768051953853396,-0.1933968524874335,0.16666666666666666,5,0.0,-27.680519538533964,-138.40259769266981
20,26,0.0,0.0,-0.3010128376868092,-0.1990619656495044,0.16666666666666666,5,0.0,-30.101283768680922,-150.50641884340462
20,26,22.22222222222222,0.09515475742273621,-0.1571551422373537,-0.13971570541525224,0.3,9,4.131662170963475,-12.405842208657686,-78.57757111867684
20,26,15.384615384615385,0.018204432477444785,-0.5946311544527563,-0.5946311544527562,0.43333333333333335,13,2.7564095465249583,-27.529854210857096,-297.31557722637814
20,26,0.0,0.0,-0.1842261981058659,-0.025103981563026467,0.16666666666666666,5,0.0,-18.42261981058659,-92.11309905293295
20,26,0.0,0.0,-0.1717985684943013,-0.1717985684943269,0.16666666666666666,5,0.0,-17.17985684943013,-85.89928424715066
20,26,0.0,0.0,-0.25145544747694437,0.0,0.16666666666666666,5,0.0,-25.145544747694437,-125.72772373847219
20,26,0.0,0.0,-0.3255910526004156,-0.3255910526004009,0.16666666666666666,5,0.0,-32.55910526004156,-162.7955263002078
20,26,20.0,0.01618361025899262,-0.2869837509728452,-0.28698375097283857,0.16666666666666666,5,2.360416651338255,-36.463073034440214,-143.4918754864226
20,26,0.0,0.0,-0.25331479155490794,0.0,0.16666666666666666,5,0.0,-25.331479155490797,-126.65739577745398
20,26,0.0,0.0,-0.1337657923613938,-0.13376579236138786,0.13333333333333333,4,0.0,-16.720724045174222,-66.88289618069689
20,26,0.0,0.0,-0.26547196813466734,-0.2095305906684281,0.16666666666666666,5,0.0,-26.547196813466734,-132.73598406733367
20,26,0.0,0.0,-0.31848360937508885,-0.2523942391846061,0.16666666666666666,5,0.0,-31.848360937508886,-159.24180468754443
20,26,0.0,0.0,-0.25426369897019274,-0.25426369897018597,0.13333333333333333,4,0.0,-31.782962371274095,-127.13184948509638
20,26,25.0,0.05207734186316405,-0.09695915463216437,-0.10228048593901706,0.13333333333333333,4,2.663389781433896,-17.047655699172026,-48.479577316082185
20,26,0.0,0.0,-0.03933652293354257,-0.03933652293353225,0.06666666666666667,2,0.0,-9.834130733385642,-19.668261466771284
20,26,0.0,0.0,-0.2729868046348596,-0.272986804634842,0.16666666666666666,5,0.0,-27.298680463485958,-136.4934023174298
20,26,10.0,0.06303693622727133,-0.4230516978172568,-0.3949334867603519,0.3333333333333333,10,14.231021438969918,-25.0840967052887,-211.5258489086284
20,26,0.0,0.0,-0.19872882153695584,-0.1298113992587837,0.16666666666666666,5,0.0,-19.87288215369558,-99.36441076847791
20,26,0.0,0.0,-0.1426276705098168,0.0,0.16666666666666666,5,0.0,-14.262767050981683,-71.31383525490841
